"","gene1","gene2","HGNCID1","HGNCID2","Lin_BP","Lin_CC","Lin_MF","Resnik_BP","Resnik_CC","Resnik_MF","Wang_BP","Wang_CC","Wang_MF","Label"
"1","NM_018992","NM_003975","HGNC:21423","HGNC:10821","0","1","0.564","0","0.175","0.06","0","1","0.791",0
"2","NM_001005190","NM_052846","HGNC:8356","HGNC:16123","0","0","0","0","0","0","0","0","0",0
"3","NM_054105","NR_103785","HGNC:15436","HGNC:40532","0","0","0","0","0","0","0","0","0",0
"4","NM_015932","NM_021794","HGNC:20330","HGNC:208","0.044","0.062","0.156","0.028","0.016","0.03","0.085","0.227","0.318",0
"5","NM_013274","NM_003389","HGNC:9184","HGNC:2255","0.398","0","0.214","0.123","0","0.03","0.268","0.109","0.367",0
"6","NM_006625","NM_003223","HGNC:16713","HGNC:11745","0.508","0.606","0.523","0.195","0.092","0.105","0.401","0.682","0.685",0
"7","NM_001706","NM_001025290","HGNC:1001","HGNC:19201","0","0","0","0","0","0","0","0","0",0
"8","NR_030381","NM_005895","HGNC:32908","HGNC:4426","0","0","0","0","0","0","0","0.305","0",0
"9","NM_019610","NR_003708","HGNC:25073","HGNC:33619","0","0","0","0","0","0","0","0","0",0
"10","NM_133259","NM_014741","HGNC:15714","HGNC:29091","0.478","0.468","0.562","0.274","0.127","0.105","0.234","0.647","0.669",0
"11","NM_153003","NM_002086","HGNC:21017","HGNC:4566","0","0","1","0","0","0.067","0","0","1",0
"12","NM_207186","NM_178502","HGNC:15130","HGNC:24457","0","0","0","0","0","0","0","0","0",0
"13","NM_019007","NM_004669","HGNC:26094","HGNC:2064","0","0","0","0","0","0","0","0","0",0
"14","NM_015103","NM_001085481","HGNC:9107","HGNC:34390","0","0","0","0","0","0","0","0","0",0
"15","NM_058230","NM_004949","HGNC:17197","HGNC:3036","0","0","0","0","0","0","0","0","0.214",0
"16","NM_019896","NM_004047","HGNC:18755","HGNC:861","0.196","0.279","0","0.112","0.092","0","0.174","0.41","0",0
"17","NM_032358","NM_001969","HGNC:28203","HGNC:3299","0","0.408","0","0","0.061","0","0","0.424","0",0
"18","NM_001008226","NM_198559","HGNC:33727","HGNC:25062","0","0","0","0","0","0","0","0","0",0
"19","NR_003080","NM_007054","HGNC:32777","HGNC:6319","0","0","0","0","0","0","0","0","0",0
"20","NR_031602","NM_015971","HGNC:33927","HGNC:14499","0","0","0","0","0","0","0","0","0",0
"21","NM_020689","NM_016586","HGNC:10977","HGNC:20427","0","0.118","0","0","0.016","0","0.085","0.356","0",0
"22","NM_152735","NM_003880","HGNC:28323","HGNC:12771","0","0","0","0","0","0","0","0","0",0
"23","NM_019040","NM_001532","HGNC:1171","HGNC:11004","0.42","0.31","0","0.103","0.085","0","0.316","0.542","0",0
"24","NM_152430","NM_002055","HGNC:15194","HGNC:4235","0","0.139","0","0","0.016","0","0","0.425","0",0
"25","NG_011458","NT_010859","HGNC:16319","HGNC:31093","0","0","0","0","0","0","0","0","0",0
"26","NM_017432","NM_006512","HGNC:9632","HGNC:10516","0","0.353","0","0","0.07","0","0","0.244","0",0
"27","NM_030791","NM_001242648","HGNC:17720","HGNC:20990","0.111","0.714","0","0.053","0.109","0","0.162","0.71","0.092",0
"28","NM_032264","NM_006113","HGNC:25076","HGNC:12659","0","0","0","0","0","0","0","0","0",0
"29","NM_152891","NM_003274","HGNC:30405","HGNC:11868","0.043","0.622","0","0.021","0.079","0","0.086","0.784","0.12",0
"30","NM_014021","NM_033086","HGNC:16509","HGNC:16027","0.452","0.312","0.331","0.185","0.121","0.067","0.376","0.372","0.602",0
"31","NM_004540","NM_002776","HGNC:7657","HGNC:6358","0","0","0","0","0","0","0","0","0.119",0
"32","NM_017425","NM_181845","HGNC:11210","HGNC:13077","0","0","0","0","0","0","0","0","0.214",0
"33","NM_001144874","NM_181788","HGNC:35427","HGNC:24893","0.048","0.161","0","0.028","0.052","0","0.129","0.369","0",0
"34","NM_024068","NM_152769","HGNC:28412","HGNC:28617","0.165","0.23","0.272","0.094","0.062","0.067","0.128","0.409","0.815",0
"35","NM_001033082","NM_153339","HGNC:7555","HGNC:26914","0","0.83","0","0","0.086","0","0","0.91","0",0
"36","NM_152449","NM_001004301","HGNC:26571","HGNC:33257","0","0","0","0","0","0","0","0","0",0
"37","NM_001193623","NM_152534","HGNC:27112","HGNC:18592","0","0","0","0","0","0","0","0","0",0
"38","NM_054105","NM_013320","HGNC:15436","HGNC:24972","0","0.429","0","0","0.068","0","0.086","0.518","0.099",0
"39","NM_001329632","NG_001333","HGNC:25069","HGNC:12234","0","0","0","0","0","0","0","0","0",0
"40","NG_005426","NM_001278501","HGNC:18089","HGNC:32332","0","0","0","0","0","0","0","0","0",0
"41","NM_181742","NM_001013842","HGNC:8490","HGNC:32233","0","0","0","0","0","0","0","0","0",0
"42","NM_144990","NM_016303","HGNC:26313","HGNC:30084","0","0","0","0","0","0","0","0","0",0
"43","NM_017776","NM_000387","HGNC:26007","HGNC:1421","0","0","0","0","0","0","0","0","0",0
"44","NM_152450","NM_020675","HGNC:28379","HGNC:24031","0","0","0","0","0","0","0","0","0",0
"45","NM_014491","NM_001102658","HGNC:13875","HGNC:27286","0","0","0","0","0","0","0","0","0",0
"46","NM_007110","NM_002490","HGNC:11726","HGNC:7690","0.335","0.358","0.214","0.19","0.128","0.134","0.322","0.397","0.121",0
"47","NR_029844","NM_139285","HGNC:31617","HGNC:24846","0","0","0","0","0","0","0","0","0",0
"48","NM_153225","NR_026801","HGNC:30362","HGNC:32031","0","0","0","0","0","0","0","0","0",0
"49","NM_033112","NM_032850","HGNC:21374","HGNC:20758","0.028","0.294","0.192","0.017","0.086","0.03","0.081","0.439","0.367",0
"50","NM_004424","NM_199173","HGNC:3121","HGNC:1043","0.076","0.511","0.024","0.035","0.153","0.012","0.168","0.643","0.326",0
"51","NM_000082","NM_032336","HGNC:3439","HGNC:28226","0.494","1","1","0.264","0.184","0.067","0.508","1","1",0
"52","NM_198460","NM_014043","HGNC:25395","HGNC:24537","0.149","1","0","0.072","0.274","0","0.114","1","0",0
"53","NM_001002916","NM_001008409","HGNC:27252","HGNC:16118","0","0","0","0","0","0","0","0","0",0
"54","NM_006060","NM_031313","HGNC:13176","HGNC:441","0","0.062","0","0","0.011","0","0","0.314","0.141",0
"55","NM_033557","NM_016433","HGNC:30511","HGNC:24867","0","0","1","0","0","0.067","0","0","1",0
"56","NM_012257","NM_006713","HGNC:23200","HGNC:19985","0.222","0.528","0.389","0.075","0.12","0.037","0.134","0.584","0.558",0
"57","NM_001080848","NM_020828","HGNC:16847","HGNC:17801","0","0","0","0","0","0","0","0","0",0
"58","NG_000834","NM_001009959","HGNC:5733","HGNC:29208","0","0","0","0","0","0","0","0","0",0
"59","NM_178497","NM_002105","HGNC:26300","HGNC:4739","0.091","0","1","0.051","0","0.067","0.074","0","1",0
"60","NM_018128","NM_000572","HGNC:25542","HGNC:5962","0","0","0.192","0","0","0.03","0","0.148","0.367",0
"61","NM_178813","NM_017900","HGNC:24061","HGNC:24114","0","0.238","1","0","0.077","0.067","0.08","0.431","1",0
"62","NM_022550","NR_036257","HGNC:12831","HGNC:38223","0","0","0","0","0","0","0","0","0",0
"63","NM_006602","NM_006782","HGNC:11646","HGNC:12868","1","1","0.409","0.212","0.12","0.094","1","1","0.432",0
"64","NM_019841","NM_016408","HGNC:3145","HGNC:15880","0.121","0","0.344","0.055","0","0.067","0.09","0.308","0.602",0
"65","NM_003544","NM_031452","HGNC:4789","HGNC:31022","0.309","0.53","0.73","0.193","0.135","0.122","0.272","0.615","0.81",0
"66","NM_005027","NR_106996","HGNC:8980","HGNC:49973","0","0","0","0","0","0","0","0.141","0",0
"67","NM_001033032","NR_160801","HGNC:18703","HGNC:27904","0","0","0","0","0","0","0","0","0",0
"68","NM_004958","NM_012133","HGNC:3942","HGNC:2237","0.028","0.56","0","0.016","0.157","0","0.058","0.574","0",0
"69","NM_001127388","NM_002695","HGNC:37265","HGNC:9192","0","0","0","0","0","0","0","0","0",0
"70","NM_024980","NM_152415","HGNC:23687","HGNC:24928","0.038","0.537","0","0.017","0.227","0","0.128","0.429","0.143",0
"71","NM_052888","NM_022762","HGNC:29070","HGNC:26181","0","0","0","0","0","0","0","0","0",0
"72","NM_000093","NR_003013","HGNC:2209","HGNC:32573","0","0","0","0","0","0","0","0","0",0
"73","NM_021079","NM_152406","HGNC:7857","HGNC:26714","0","0","0","0","0","0","0","0","0.158",0
"74","NM_021034","NM_013261","HGNC:5414","HGNC:9237","0.209","0.097","1","0.1","0.013","0.067","0.27","0.274","1",0
"75","NM_032355","NM_020931","HGNC:28207","HGNC:21360","0","0","0","0","0","0","0","0","0.14",0
"76","NM_002544","NM_001024959","HGNC:8135","HGNC:707","0.431","0.118","0","0.225","0.016","0","0.134","0.356","0",0
"77","NM_004667","NM_001001955","HGNC:4868","HGNC:15169","0","0.771","0","0","0.098","0","0","0.529","0",0
"78","NM_153022","NM_178456","HGNC:26438","HGNC:16216","0","0","0","0","0","0","0","0","0",0
"79","NM_014191","NM_001349727","HGNC:10596","HGNC:1708","0","0","0","0","0","0","0","0","0",0
"80","NM_001001891","NM_001037729","HGNC:31677","HGNC:18094","0","0","0","0","0","0","0","0","0",0
"81","NM_007375","NM_019844","HGNC:11571","HGNC:10961","0","0.118","0","0","0.016","0","0.075","0.305","0.1",0
"82","NM_015576","NM_001037732","HGNC:31922","HGNC:18106","0","0","0","0","0","0","0","0","0",0
"83","NM_152640","NM_004189","HGNC:24451","HGNC:11193","0.589","0","1","0.265","0","0.067","0.196","0.643","1",0
"84","NM_002986","NM_133502","HGNC:10610","HGNC:13068","0.267","0","0.305","0.102","0","0.042","0.141","0","0.515",0
"85","NM_078481","NM_002335","HGNC:1711","HGNC:6697","0.242","0.389","0.664","0.095","0.074","0.194","0.252","0.46","0.824",0
"86","NM_002704","NM_173500","HGNC:9240","HGNC:19141","0.219","0.377","0.299","0.091","0.116","0.037","0.258","0.444","0.485",0
"87","NM_001925","NM_013316","HGNC:2763","HGNC:7880","0.324","0.19","0.35","0.161","0.067","0.067","0.065","0.343","0.606",0
"88","NM_020884","NM_017918","HGNC:15906","HGNC:26076","0","0","0","0","0","0","0","0","0.145",0
"89","NM_001005496","NM_174981","HGNC:15283","HGNC:23822","0","0","0","0","0","0","0","0","0",0
"90","NM_182492","NM_153615","HGNC:25323","HGNC:31911","0","0","0","0","0","0","0","0","0",0
"91","NM_001004298","NR_029887","HGNC:26563","HGNC:31770","0.287","0","0","0.136","0","0","0.175","0.177","0.06",0
"92","NM_016072","NM_001039615","HGNC:20175","HGNC:33202","0","0","0","0","0","0","0","0","0",0
"93","NM_018657","NM_020310","HGNC:14955","HGNC:7188","0.917","1","0.54","0.202","0.12","0.118","0.964","1","0.603",0
"94","NM_019022","NM_001144960","HGNC:24718","HGNC:29642","0","0","0","0","0","0","0","0","0",0
"95","NM_020718","NM_006959","HGNC:20060","HGNC:12958","0","0","0","0","0","0","0","0","0.098",0
"96","NR_023378","NM_003678","HGNC:34377","HGNC:19074","0","0","0","0","0","0","0","0","0",0
"97","NM_001644","NM_033254","HGNC:604","HGNC:17173","0.127","0.604","1","0.077","0.105","0.067","0.125","0.712","1",0
"98","NM_004103","NM_022573","HGNC:9612","HGNC:23924","0","0","0","0","0","0","0","0","0",0
"99","NM_022491","NM_032029","HGNC:29545","HGNC:24692","0.079","0.118","0","0.028","0.016","0","0.183","0.356","0",0
"100","NR_003047","NM_000740","HGNC:32717","HGNC:1952","0","0","0","0","0","0","0","0","0",0
"101","NM_145231","NM_030663","HGNC:20357","HGNC:6962","0","0","0","0","0","0","0","0","0",0
"102","NM_015938","NM_006145","HGNC:24250","HGNC:5270","0.289","0.763","0.144","0.156","0.108","0.048","0.247","0.808","0.461",0
"103","NM_001442","NM_003203","HGNC:3559","HGNC:1317","0.182","0.699","0.055","0.085","0.131","0.02","0.09","0.745","0.207",0
"104","NM_002296","NM_003043","HGNC:6518","HGNC:11052","0.286","0.532","0","0.129","0.11","0","0.18","0.496","0.108",0
"105","NM_001003789","NM_001355444.1","HGNC:9800","HGNC:23488","0","0","0","0","0","0","0","0","0",0
"106","NM_000482","NM_015726","HGNC:602","HGNC:24891","0.566","0.376","1","0.168","0.105","0.067","0.782","0.465","1",0
"107","NG_001019","NM_017777","HGNC:5580","HGNC:7121","0","0","0","0","0","0","0","0","0",0
"108","NM_006781","NM_015260","HGNC:13922","HGNC:19354","0","1","0","0","0.12","0","0","1","0",0
"109","NM_000785","NM_007349","HGNC:2606","HGNC:8624","0.329","0.347","0","0.179","0.085","0","0.211","0.546","0.143",0
"110","NM_005252","NM_006280","HGNC:3796","HGNC:11326","0","0.304","0","0","0.13","0","0","0.338","0",0
"111","NM_004391","NR_103535","HGNC:2653","HGNC:31983","0","0","0","0","0","0","0","0","0",0
"112","NM_007074","NM_001025366","HGNC:2252","HGNC:12680","0.337","0.442","0.4","0.179","0.111","0.099","0.236","0.535","0.67",0
"113","NG_011315","NM_004858","HGNC:36654","HGNC:11034","0","0","0","0","0","0","0","0","0",0
"114","NM_004448","NM_201599","HGNC:3430","HGNC:13054","0.245","0.79","0.214","0.088","0.12","0.03","0.251","0.661","0.367",0
"115","NM_017680","NM_003333","HGNC:14872","HGNC:12458","0.249","0.758","0.146","0.126","0.226","0.03","0.177","0.162","0.355",0
"116","NM_014447","NM_024674","HGNC:21496","HGNC:15986","0.106","0.42","0.096","0.048","0.107","0.03","0.097","0.591","0.285",0
"117","NM_014415","NM_012300","HGNC:16740","HGNC:13607","0","0.79","0","0","0.12","0","0.323","0.661","0.373",0
"118","NM_016581","NM_144580","HGNC:29548","HGNC:29436","0.351","0.695","0.083","0.145","0.117","0.015","0.131","0.755","0.255",0
"119","NM_007353","NG_009678.1","HGNC:4380","HGNC:34036","0","0","0","0","0","0","0","0","0",0
"120","NM_021983","NR_029619","HGNC:4952","HGNC:31573","0.235","0","0","0.116","0","0","0.178","0.177","0",0
"121","NM_017592","NM_002994","HGNC:23074","HGNC:10642","0","0","0.416","0","0","0.067","0","0.118","0.815",0
"122","NM_006267","NM_032508","HGNC:9848","HGNC:17125","0","0.065","1","0","0.016","0.067","0","0.286","1",0
"123","NM_020421","NR_027422","HGNC:19038","HGNC:23667","0","0","0","0","0","0","0","0","0",0
"124","NM_001702","NM_005512","HGNC:943","HGNC:4161","0.221","0.29","0.4","0.101","0.08","0.044","0.226","0.426","0.567",0
"125","NM_030571","NM_005707","HGNC:17592","HGNC:8767","0.262","0.141","0","0.092","0.036","0","0.135","0.318","0",0
"126","NM_014938","NM_015716","HGNC:17055","HGNC:17565","0.263","0","0.165","0.103","0","0.045","0.133","0","0.163",0
"127","NM_198969","NM_198180","HGNC:307","HGNC:29982","0.233","0","0.124","0.092","0","0.051","0.258","0.218","0.462",0
"128","NM_002908","NM_016282","HGNC:9954","HGNC:17376","0.28","0.49","0.301","0.131","0.115","0.023","0.164","0.681","0.421",0
"129","NM_198273","NM_022754","HGNC:26969","HGNC:16085","0","0","0","0","0","0","0","0","0",0
"130","NM_020943","NM_182509","HGNC:29322","HGNC:23176","0","0","0","0","0","0","0","0","0",0
"131","NM_022473","NM_001005205","HGNC:12886","HGNC:14855","0","0","0","0","0","0","0","0","0",0
"132","NM_178569","NM_019105","HGNC:24226","HGNC:11976","0","0","0","0","0","0","0","0","0",0
"133","NM_003775","NM_004717","HGNC:3170","HGNC:2855","0.264","0.456","0.081","0.111","0.082","0.015","0.216","0.595","0.366",0
"134","NM_001004300","NR_030753","HGNC:26987","HGNC:32871","0","0","0","0","0","0","0","0","0",0
"135","NM_174896","NM_004859","HGNC:28344","HGNC:2092","0","0","0","0","0","0","0","0","0",0
"136","NM_138476","NM_153329","HGNC:28781","HGNC:28114","0","0","0","0","0","0","0","0","0",0
"137","NR_026557","NM_017422","HGNC:27001","HGNC:18180","0.347","0.279","0","0.107","0.079","0","0.255","0.406","0",0
"138","NM_030657","NM_001277083","HGNC:6610","HGNC:37094","0","0","0","0","0","0","0.108","0.305","0",0
"139","NR_029512","NM_003824","HGNC:31648","HGNC:3573","0.274","0","0.091","0.15","0","0.03","0.189","0","0.276",0
"140","NR_002958","NM_016195","HGNC:32607","HGNC:7212","0","0","0","0","0","0","0","0","0",0
"141","NM_052948","NM_207377","HGNC:23085","HGNC:33752","0","0","0","0","0","0","0","0","0",0
"142","NM_018930","NM_015458","HGNC:8681","HGNC:14596","0.049","0","0","0.021","0","0","0.112","0.255","0",0
"143","NM_002695","NM_152582","HGNC:9192","HGNC:28400","0","0","0","0","0","0","0","0","0",0
"144","NM_006700","NM_145008","HGNC:24808","HGNC:18328","0","0","0","0","0","0","0","0","0",0
"145","NM_174912","NM_015931","HGNC:26440","HGNC:24809","0","0.187","0","0","0.06","0","0.094","0.554","0",0
"146","NG_001332","NM_025265","HGNC:12148","HGNC:28422","0","0","0","0","0","0","0","0","0",0
"147","NM_198275","NR_000025","HGNC:27279","HGNC:16649","0","0","0","0","0","0","0","0","0",0
"148","NM_004343","NM_022436","HGNC:1455","HGNC:13886","0.288","0.245","0.365","0.153","0.085","0.079","0.225","0.307","0.512",0
"149","NM_207374","NM_014881","HGNC:15139","HGNC:17660","0","0.096","0","0","0.016","0","0","0.233","0",0
"150","NM_024657","NM_002420","HGNC:23485","HGNC:7146","0","0.096","0","0","0.016","0","0","0.233","0.074",0
"151","NM_001005922","NM_015113","HGNC:23596","HGNC:29027","0","0","0","0","0","0","0","0","0",0
"152","NR_029609","NM_004490","HGNC:31498","HGNC:4565","0.447","0","0.071","0.24","0","0.03","0.277","0.177","0.218",0
"153","NM_018028","NM_014925","HGNC:25492","HGNC:29167","0","0","1","0","0","0.242","0","0","1",0
"154","NM_005972","NM_001532","HGNC:9329","HGNC:11004","0.118","0.691","0","0.055","0.142","0","0.14","0.663","0",0
"155","NM_002593","NM_144616","HGNC:8738","HGNC:24963","0.317","0","0","0.111","0","0","0.358","0","0",0
"156","NM_032503","NM_021089","HGNC:20867","HGNC:13154","0","0","0","0","0","0","0","0","0",0
"157","NM_032124","NM_005312","HGNC:25364","HGNC:4568","0","0.576","0.81","0","0.186","0.159","0.167","0.193","0.652",0
"158","NM_001024959","NM_017967","HGNC:707","HGNC:26098","0","0","1","0","0","0.067","0","0","1",0
"159","NR_004407","NM_173476","HGNC:10108","HGNC:14153","0","0","0","0","0","0","0","0","0",0
"160","NM_182908","NM_001145010","HGNC:18349","HGNC:34448","0","0","0","0","0","0","0","0","0",0
"161","NM_020422","NM_004153","HGNC:30136","HGNC:8487","0","0","1","0","0","0.067","0","0","1",0
"162","NM_012418","NG_000834","HGNC:3960","HGNC:5836","0","0","0","0","0","0","0","0","0",0
"163","NR_030370","NM_032499","HGNC:32896","HGNC:26929","0","0","0","0","0","0","0","0","0",0
"164","NM_030963","NM_032765","HGNC:21336","HGNC:19024","0.298","0","0","0.133","0","0","0.137","0","0",0
"165","NM_018296","NM_182540","HGNC:25615","HGNC:27334","0","0","0","0","0","0","0","0","0",0
"166","NM_138397","NM_006788","HGNC:25162","HGNC:9841","0","0","0","0","0","0","0","0","0",0
"167","NM_002674","NG_002247","HGNC:9109","HGNC:14702","0","0","0","0","0","0","0","0","0",0
"168","NM_138802","NR_002917","HGNC:25206","HGNC:32609","0","0","0","0","0","0","0","0","0",0
"169","NM_001045476","NM_024529","HGNC:23745","HGNC:16783","0","0","0","0","0","0","0","0","0",0
"170","NM_020894","NM_016141","HGNC:29304","HGNC:18745","0.114","0.385","0.444","0.05","0.126","0.055","0.12","0.464","0.606",0
"171","NR_030197","NM_001037671","HGNC:32107","HGNC:27887","0","0","0","0","0","0","0","0","0",0
"172","NM_024787","NM_020197","HGNC:21147","HGNC:20982","0.254","1","0.52","0.12","0.079","0.131","0.303","1","0.512",0
"173","NR_030346","NR_003315.1","HGNC:32872","HGNC:33042","0","0","0","0","0","0","0","0","0",0
"174","NM_182924","NM_198692","HGNC:29672","HGNC:20528","0.476","0.297","1","0.189","0.091","0.067","0.519","0.541","1",0
"175","NM_080600","NM_145807","HGNC:6783","HGNC:25208","0.714","0","0","0.25","0","0","0.411","0","0",0
"176","NM_003483","NM_001164405","HGNC:5009","HGNC:35126","0","0.365","0.351","0","0.036","0.071","0","0.621","0.572",0
"177","NM_012339","NM_145062","HGNC:23298","HGNC:21224","0","0","1","0","0","0.067","0","0","1",0
"178","NR_002591","NM_198567","HGNC:32757","HGNC:24779","0","0","0","0","0","0","0","0","0",0
"179","NM_001023561","NM_000915","HGNC:32783","HGNC:8528","0","0","0","0","0","0","0","0","0",0
"180","NM_032259","NR_027291","HGNC:20852","HGNC:31706","0","0","0","0","0","0","0","0","0",0
"181","NM_018276","NM_017909","HGNC:30581","HGNC:21176","0","0","0","0","0","0","0","0","0",0
"182","NM_001080401","NM_000876","HGNC:26845","HGNC:5467","0","0","0","0","0","0","0","0","0",0
"183","NM_012285","NM_016353","HGNC:6253","HGNC:18469","0","0.529","0","0","0.1","0","0.05","0.581","0",0
"184","NM_020353","NM_024407","HGNC:16497","HGNC:7714","0.266","0.283","0.312","0.144","0.098","0.033","0.157","0.213","0.501",0
"185","NM_002332","NM_203458","HGNC:6692","HGNC:31862","0.185","0","0.238","0.101","0","0.056","0.216","0","0.483",0
"186","NM_015351","NM_002644","HGNC:20267","HGNC:8968","0","0","0","0","0","0","0","0","0",0
"187","NM_178868","NM_015941","HGNC:19179","HGNC:18303","0","0.341","0","0","0.097","0","0","0.4","0",0
"188","NM_080655","NM_033272","HGNC:23370","HGNC:18863","0","0","0","0","0","0","0","0","0",0
"189","NM_002383","NM_015210","HGNC:6914","HGNC:29121","0.224","0","0.51","0.102","0","0.122","0.196","0","0.596",0
"190","NM_001010870","NM_018010","HGNC:21339","HGNC:17367","0","0.213","0","0","0.11","0","0.127","0.323","0",0
"191","NM_001005567","NM_032805","HGNC:19599","HGNC:12997","0.216","0.083","0","0.111","0.012","0","0.157","0.237","0.143",0
"192","NM_052923","NM_015172","HGNC:13851","HGNC:24903","0","0","0","0","0","0","0","0","0",0
"193","NM_153833","NM_015080","HGNC:18463","HGNC:8009","0.18","0.118","0.066","0.104","0.016","0.03","0.187","0.305","0.296",0
"194","NM_017590","NM_139282","HGNC:30869","HGNC:29993","0.331","0","0.363","0.102","0","0.09","0.353","0","0.5",0
"195","NM_004887","NM_002964","HGNC:10640","HGNC:10498","0.365","0.478","1","0.137","0.16","0.067","0.289","0.704","1",0
"196","NM_016483","NM_003983","HGNC:18458","HGNC:11064","0","0.684","0","0","0.104","0","0","0.767","0.108",0
"197","NM_002171","NM_004904","HGNC:5418","HGNC:16844","0.153","0.847","0","0.058","0.201","0","0.06","0.296","0",0
"198","NM_133456","NM_173667","HGNC:24084","HGNC:26744","0","0","0","0","0","0","0","0","0",0
"199","NM_001009616","NR_027146","HGNC:33178","HGNC:26863","0","0","0","0","0","0","0","0","0",0
"200","NM_017775","NM_000393","HGNC:26006","HGNC:2210","0.17","0.136","0","0.105","0.05","0","0.21","0.348","0.214",0
"201","NM_000269","NM_002513","HGNC:7849","HGNC:7851","1","1","1","0.587","0.175","0.067","1","1","1",1
"202","NM_000122","NM_025049","HGNC:3435","HGNC:26220","0.386","0.514","0.472","0.188","0.164","0.241","0.348","0.676","0.453",1
"203","NM_018327","NM_004863","HGNC:16253","HGNC:11278","0.662","1","1","0.329","0.492","0.709","0.671","1","1",1
"204","NM_021074","NM_007103","HGNC:7717","HGNC:7716","0.71","0.918","0.911","0.386","0.344","0.328","0.73","0.944","0.868",1
"205","NM_006709","NM_024757","HGNC:14129","HGNC:24650","0.86","0.918","0.88","0.404","0.199","0.381","0.795","0.935","0.912",1
"206","NM_181690","NM_001042600","HGNC:393","HGNC:6863","0.556","0","0.951","0.214","0","0.24","0.41","0","0.969",1
"207","NM_000944","NM_030768","HGNC:9314","HGNC:15566","0","0.624","1","0","0.11","0.067","0","0.704","1",1
"208","NM_002633","NM_018290","HGNC:8905","HGNC:8906","0.93","0.844","0.729","0.533","0.253","0.281","0.832","0.901","0.763",1
"209","NM_000669","NM_000672","HGNC:251","HGNC:255","1","0.541","1","0.68","0.101","0.721","1","0.567","1",1
"210","NM_001320","NM_182948","HGNC:2460","HGNC:9381","0.489","0.643","0.434","0.198","0.167","0.092","0.49","0.707","0.665",1
"211","NM_001083","NM_006204","HGNC:8784","HGNC:8787","0","0","0","0","0","0","0","0","0",1
"212","NM_002578","NM_002739","HGNC:8592","HGNC:9402","0.272","0.738","0.74","0.139","0.128","0.322","0.2","0.854","0.729",1
"213","NM_002970","NM_133491","HGNC:10540","HGNC:23160","0.667","0","1","0.499","0","0.361","0.49","0.068","1",1
"214","NM_006259","NM_212535","HGNC:9416","HGNC:9395","0.442","1","0.296","0.122","0.175","0.123","0.472","1","0.385",1
"215","NM_006100","NM_005668","HGNC:18080","HGNC:10871","0.688","1","0.7","0.309","0.327","0.521","0.627","1","0.729",1
"216","NM_006204","NM_000922","HGNC:8787","HGNC:8779","0","0","0","0","0","0","0","0","0",1
"217","NM_022356","NM_018192","HGNC:19316","HGNC:19317","0.524","0.649","1","0.259","0.216","0.777","0.569","0.585","1",1
"218","NM_001042600","NM_003157","HGNC:6863","HGNC:11399","0.53","0","0.623","0.206","0","0.223","0.476","0.234","0.627",1
"219","NM_001122636","NM_001168368","HGNC:4131","HGNC:23233","0.803","0","1","0.463","0","0.6","0.897","0","1",1
"220","NM_005114","NM_006043","HGNC:5194","HGNC:5195","1","0.703","1","0.479","0.299","0.501","1","0.696","1",1
"221","NM_182948","NM_006255","HGNC:9381","HGNC:9403","0.586","0.545","0.534","0.233","0.13","0.09","0.553","0.643","0.594",1
"222","NM_020223","NM_006259","HGNC:22140","HGNC:9416","0.562","0.421","0.49","0.136","0.091","0.182","0.593","0.574","0.559",1
"223","NM_174953","NM_001001396","HGNC:813","HGNC:817","0.441","0.302","0","0.197","0.098","0","0.338","0.357","0",1
"224","NM_006259","NM_001081640","HGNC:9416","HGNC:9413","0.486","1","0.408","0.136","0.175","0.15","0.436","1","0.503",1
"225","NM_001439","NM_001440","HGNC:3516","HGNC:3518","0.685","0.926","0.648","0.386","0.254","0.355","0.526","0.974","0.592",1
"226","NM_001098521","NM_148897","HGNC:16637","HGNC:29958","0.295","0.6","0","0.087","0.122","0","0.13","0.692","0.158",1
"227","YP_003024033","NM_004550","HGNC:7458","HGNC:7708","0.829","0.795","0.834","0.45","0.348","0.329","0.838","0.73","0.805",1
"228","NM_014225","NM_001009552","HGNC:9302","HGNC:9300","0.32","0.498","0.391","0.146","0.176","0.048","0.303","0.6","0.628",1
"229","NM_004320","NM_001001486","HGNC:811","HGNC:13211","0.535","0.699","1","0.243","0.206","0.559","0.599","0.722","1",1
"230","NM_002576","NM_002730","HGNC:8590","HGNC:9380","0.546","0.578","0.711","0.249","0.152","0.205","0.446","0.593","0.821",1
"231","NM_006257","NM_016281","HGNC:9410","HGNC:18133","0.459","0","0.822","0.201","0","0.177","0.275","0","0.793",1
"232","NM_004374","NM_004373","HGNC:2285","HGNC:2277","1","1","0","0.533","0.311","0","1","1","0",1
"233","NM_016281","NM_001081640","HGNC:18133","HGNC:9413","0.656","0","0.621","0.252","0","0.146","0.531","0","0.73",1
"234","NM_005607","NM_001005861","HGNC:9611","HGNC:10481","0.602","0.655","0.253","0.245","0.085","0.04","0.558","0.693","0.491",1
"235","NM_012126","NM_004807","HGNC:1973","HGNC:5201","0.471","0.879","1","0.251","0.273","0.501","0.361","0.796","1",1
"236","NM_002715","NM_030768","HGNC:9299","HGNC:15566","0","0.549","1","0","0.088","0.067","0","0.627","1",1
"237","NM_006741","NM_006241","HGNC:9286","HGNC:9288","0","0","1","0","0","0.404","0","0","1",1
"238","NM_002161","NM_018060","HGNC:5330","HGNC:29685","1","0.475","1","0.538","0.09","0.818","1","0.596","1",1
"239","NM_002715","NM_147180","HGNC:9299","HGNC:9318","0","0","1","0","0","0.067","0","0","1",1
"240","NM_054110","NM_024572","HGNC:21531","HGNC:22946","1","1","0","0.547","0.327","0","1","1","0",1
"241","NM_005114","NM_006042","HGNC:5194","HGNC:5196","1","0.703","1","0.479","0.299","0.501","1","0.696","1",1
"242","NM_002717","NM_002718","HGNC:9304","HGNC:9307","0.399","1","1","0.158","0.607","0.067","0.421","1","1",1
"243","NM_181876","NM_001009552","HGNC:9306","HGNC:9300","0","1","0.449","0","0.607","0.04","0","1","0.6",1
"244","NM_181690","NM_006255","HGNC:393","HGNC:9403","0.529","0","0.442","0.218","0","0.039","0.444","0","0.538",1
"245","NM_005607","NM_002529","HGNC:9611","HGNC:8031","0.688","0.36","0.566","0.287","0.079","0.16","0.643","0.523","0.728",1
"246","NM_001114633","NM_213600","HGNC:9036","HGNC:27396","0.722","1","0","0.398","0.175","0","0.731","1","0",1
"247","NM_001001396","NM_021949","HGNC:817","HGNC:816","0.492","0.455","0.454","0.223","0.101","0.118","0.38","0.465","0.582",1
"248","NM_000294","NM_006213","HGNC:8931","HGNC:8930","0.88","1","0","0.526","0.175","0","0.683","1","0",1
"249","NM_003166","NM_001017389","HGNC:11455","HGNC:30004","1","1","0","0.587","0.175","0","1","1","0",1
"250","NM_014568","NM_198516","HGNC:4127","HGNC:30488","0.917","0","1","0.463","0","0.6","0.96","1","1",1
"251","NM_002706","NM_145049","HGNC:9276","HGNC:28110","1","0.56","1","0.385","0.157","0.281","1","0.638","1",1
"252","NM_014568","NM_198321","HGNC:4127","HGNC:19873","0.902","1","1","0.471","0.327","0.6","0.834","1","1",1
"253","NM_030965","NM_001004470","HGNC:19342","HGNC:23317","0.846","1","1","0.481","0.327","0.521","0.712","1","1",1
"254","NM_006282","NM_014683","HGNC:11408","HGNC:13480","0.368","0.229","0.563","0.142","0.091","0.115","0.401","0.518","0.714",1
"255","NM_145049","NM_002718","HGNC:28110","HGNC:9307","1","0.1","1","0.385","0.036","0.067","1","0.392","1",1
"256","NM_002576","NM_003157","HGNC:8590","HGNC:11399","0.513","0.33","0.464","0.188","0.049","0.147","0.436","0.501","0.547",1
"257","NM_002641","NM_153747","HGNC:8957","HGNC:8960","0.847","0.897","0.494","0.486","0.432","0.134","0.815","0.843","0.527",1
"258","NM_000944","NM_002720","HGNC:9314","HGNC:9319","0.458","0.659","0.536","0.197","0.128","0.159","0.326","0.746","0.724",1
"259","NM_005167","NM_147180","HGNC:20785","HGNC:9318","0","0","0","0","0","0","0","0","0",1
"260","NM_005246","NM_004383","HGNC:3655","HGNC:2444","0.44","0.488","0.612","0.19","0.089","0.158","0.37","0.587","0.823",1
"261","NM_015020","NM_145049","HGNC:29149","HGNC:28110","0.061","0.291","1","0.028","0.036","0.067","0.052","0.439","1",1
"262","NM_004431","NM_002019","HGNC:3386","HGNC:3763","0.624","0.573","0.72","0.266","0.164","0.287","0.561","0.664","0.899",1
"263","NM_022819","NM_001128203","HGNC:30040","HGNC:17825","0.745","0.577","1","0.437","0.11","0.559","0.734","0.77","1",1
"264","NM_005356","NM_002529","HGNC:6524","HGNC:8031","0.534","0.518","0.476","0.222","0.148","0.133","0.47","0.517","0.692",1
"265","NM_005605","NM_181678","HGNC:9316","HGNC:9305","0","0.424","1","0","0.088","0.067","0","0.546","1",1
"266","NM_005605","NM_152542","HGNC:9316","HGNC:25415","0.311","0.433","1","0.146","0.088","0.067","0.198","0.566","1",1
"267","NM_022467","NM_021615","HGNC:15993","HGNC:6938","0.601","0.813","0.688","0.276","0.252","0.501","0.483","0.714","0.729",1
"268","NM_000489","NM_025049","HGNC:886","HGNC:26220","0.543","1","0.268","0.279","0.455","0.158","0.39","1","0.343",1
"269","NM_006003","NM_014402","HGNC:12587","HGNC:29594","1","0.89","0","0.71","0.331","0","1","0.891","0",1
"270","NM_005163","NM_003157","HGNC:391","HGNC:11399","0.443","0.501","0.393","0.169","0.063","0.138","0.38","0.62","0.429",1
"271","NM_000851","NM_015917","HGNC:4637","HGNC:16906","0.553","0.503","0.722","0.336","0.134","0.23","0.55","0.547","0.838",1
"272","NM_018146","NM_024831","HGNC:18485","HGNC:17843","0.673","0.395","0.718","0.515","0.094","0.272","0.712","0.579","0.694",1
"273","NM_001625","NM_013410","HGNC:362","HGNC:363","1","0.561","1","0.587","0.228","0.661","1","0.579","1",1
"274","NM_000061","NM_004431","HGNC:1133","HGNC:3386","0.446","0.349","0.622","0.2","0.072","0.164","0.397","0.508","0.644",1
"275","NM_014225","NM_181678","HGNC:9302","HGNC:9305","0","0.483","1","0","0.129","0.067","0","0.557","1",1
"276","NM_015020","NM_002717","HGNC:29149","HGNC:9304","0.306","0.601","1","0.157","0.1","0.067","0.113","0.743","1",1
"277","NM_145049","NM_001009552","HGNC:28110","HGNC:9300","1","0.185","0.849","0.385","0.036","0.238","1","0.374","0.938",1
"278","NM_002413","NM_000848","HGNC:7063","HGNC:4634","0.537","0.344","0.684","0.314","0.093","0.269","0.431","0.478","0.798",1
"279","NM_020526","NM_005356","HGNC:3391","HGNC:6524","0.568","0.432","0.751","0.233","0.104","0.382","0.44","0.525","0.596",1
"280","NM_000851","NM_002413","HGNC:4637","HGNC:7063","0.528","0.189","0.69","0.311","0.039","0.239","0.531","0.382","0.76",1
