,gene1,gene2,meta_path,meta_path_rank,rank_percent,total_rank
0,G:HGNC:7849,G:HGNC:7851,['GTG'],25.0,0.957,576.0
1,G:HGNC:3435,G:HGNC:26220,['GTG'],387.0,0.325,573.0
2,G:HGNC:3435,G:HGNC:26220,['GMG'],2.0,0.992,244.0
3,G:HGNC:3435,G:HGNC:26220,['GMDMG'],1.0,0.998,645.0
4,G:HGNC:3435,G:HGNC:26220,"['GTG', 'GMG']",140.0,0.712,486.0
5,G:HGNC:3435,G:HGNC:26220,"['GTG', 'GMDMG']",246.0,0.782,1131.0
6,G:HGNC:3435,G:HGNC:26220,"['GMG', 'GMDMG']",2.0,0.997,651.0
7,G:HGNC:3435,G:HGNC:26220,"['GTG', 'GMG', 'GMDMG']",100.0,0.857,700.0
8,G:HGNC:16253,G:HGNC:11278,['GPdPG'],2.0,0.867,15.0
9,G:HGNC:16253,G:HGNC:11278,['GTG'],3.0,0.987,235.0
10,G:HGNC:16253,G:HGNC:11278,['GMDMG'],2895.0,0.322,4267.0
11,G:HGNC:16253,G:HGNC:11278,['GMDpDMG'],3045.0,0.524,6396.0
12,G:HGNC:16253,G:HGNC:11278,"['GPdPG', 'GTG']",2.0,0.96,50.0
13,G:HGNC:16253,G:HGNC:11278,"['GPdPG', 'GMDMG']",26.0,0.594,64.0
14,G:HGNC:16253,G:HGNC:11278,"['GPdPG', 'GMDpDMG']",18.0,0.69,58.0
15,G:HGNC:16253,G:HGNC:11278,"['GTG', 'GMDMG']",1951.0,0.559,4421.0
16,G:HGNC:16253,G:HGNC:11278,"['GTG', 'GMDpDMG']",1514.0,0.72,5409.0
17,G:HGNC:16253,G:HGNC:11278,"['GMDMG', 'GMDpDMG']",4433.0,0.553,9917.0
18,G:HGNC:16253,G:HGNC:11278,"['GPdPG', 'GTG', 'GMDMG']",10.0,0.808,52.0
19,G:HGNC:16253,G:HGNC:11278,"['GPdPG', 'GTG', 'GMDpDMG']",9.0,0.8,45.0
20,G:HGNC:16253,G:HGNC:11278,"['GPdPG', 'GMDMG', 'GMDpDMG']",19.0,0.672,58.0
21,G:HGNC:16253,G:HGNC:11278,"['GTG', 'GMDMG', 'GMDpDMG']",2173.0,0.67,6580.0
22,G:HGNC:16253,G:HGNC:11278,"['GPdPG', 'GTG', 'GMDMG', 'GMDpDMG']",12.0,0.739,46.0
23,G:HGNC:7717,G:HGNC:7716,['GDG'],1.0,0.8,5.0
24,G:HGNC:7717,G:HGNC:7716,['GDpDG'],1.0,0.998,434.0
25,G:HGNC:7717,G:HGNC:7716,['GPdPG'],1.0,0.933,15.0
26,G:HGNC:7717,G:HGNC:7716,['GTG'],3.0,0.991,350.0
27,G:HGNC:7717,G:HGNC:7716,"['GDG', 'GDpDG']",1.0,0.9,10.0
28,G:HGNC:7717,G:HGNC:7716,"['GDG', 'GPdPG']",1.0,0.8,5.0
29,G:HGNC:7717,G:HGNC:7716,"['GDG', 'GTG']",3.0,0.929,42.0
30,G:HGNC:7717,G:HGNC:7716,"['GDpDG', 'GPdPG']",1.0,0.972,36.0
31,G:HGNC:7717,G:HGNC:7716,"['GDpDG', 'GTG']",5.0,0.994,777.0
32,G:HGNC:7717,G:HGNC:7716,"['GPdPG', 'GTG']",3.0,0.972,107.0
33,G:HGNC:7717,G:HGNC:7716,"['GDG', 'GDpDG', 'GPdPG']",1.0,0.875,8.0
34,G:HGNC:7717,G:HGNC:7716,"['GDG', 'GDpDG', 'GTG']",5.0,0.904,52.0
35,G:HGNC:7717,G:HGNC:7716,"['GDG', 'GPdPG', 'GTG']",3.0,0.914,35.0
36,G:HGNC:7717,G:HGNC:7716,"['GDpDG', 'GPdPG', 'GTG']",5.0,0.947,94.0
37,G:HGNC:7717,G:HGNC:7716,"['GDG', 'GDpDG', 'GPdPG', 'GTG']",5.0,0.878,41.0
38,G:HGNC:14129,G:HGNC:24650,['GTG'],1.0,0.998,490.0
39,G:HGNC:14129,G:HGNC:24650,['GMG'],6.0,0.983,345.0
40,G:HGNC:14129,G:HGNC:24650,['GMDMG'],239.0,0.948,4591.0
41,G:HGNC:14129,G:HGNC:24650,['GMDpDMG'],3382.0,0.359,5280.0
42,G:HGNC:14129,G:HGNC:24650,"['GTG', 'GMG']",1.0,0.998,654.0
43,G:HGNC:14129,G:HGNC:24650,"['GTG', 'GMDMG']",2.0,1.0,6121.0
44,G:HGNC:14129,G:HGNC:24650,"['GTG', 'GMDpDMG']",1856.0,0.714,6482.0
45,G:HGNC:14129,G:HGNC:24650,"['GMG', 'GMDMG']",67.0,0.982,3659.0
46,G:HGNC:14129,G:HGNC:24650,"['GMG', 'GMDpDMG']",1378.0,0.619,3618.0
47,G:HGNC:14129,G:HGNC:24650,"['GMDMG', 'GMDpDMG']",1662.0,0.81,8738.0
48,G:HGNC:14129,G:HGNC:24650,"['GTG', 'GMG', 'GMDMG']",1.0,1.0,3464.0
49,G:HGNC:14129,G:HGNC:24650,"['GTG', 'GMG', 'GMDpDMG']",309.0,0.908,3359.0
50,G:HGNC:14129,G:HGNC:24650,"['GTG', 'GMDMG', 'GMDpDMG']",409.0,0.955,9051.0
51,G:HGNC:14129,G:HGNC:24650,"['GMG', 'GMDMG', 'GMDpDMG']",452.0,0.895,4289.0
52,G:HGNC:14129,G:HGNC:24650,"['GTG', 'GMG', 'GMDMG', 'GMDpDMG']",67.0,0.982,3776.0
53,G:HGNC:393,G:HGNC:6863,['GTG'],33.0,0.939,544.0
54,G:HGNC:9314,G:HGNC:15566,['GTG'],125.0,0.784,578.0
55,G:HGNC:9314,G:HGNC:15566,['GMDMG'],1773.0,0.296,2517.0
56,G:HGNC:9314,G:HGNC:15566,"['GTG', 'GMDMG']",2049.0,0.312,2980.0
57,G:HGNC:8905,G:HGNC:8906,['GTG'],1.0,0.998,450.0
58,G:HGNC:8905,G:HGNC:8906,['GMG'],177.0,0.608,451.0
59,G:HGNC:8905,G:HGNC:8906,['GMDMG'],2484.0,0.426,4329.0
60,G:HGNC:8905,G:HGNC:8906,['GMDpDMG'],4170.0,0.251,5568.0
61,G:HGNC:8905,G:HGNC:8906,"['GTG', 'GMG']",1.0,0.998,665.0
62,G:HGNC:8905,G:HGNC:8906,"['GTG', 'GMDMG']",1483.0,0.729,5466.0
63,G:HGNC:8905,G:HGNC:8906,"['GTG', 'GMDpDMG']",3327.0,0.509,6781.0
64,G:HGNC:8905,G:HGNC:8906,"['GMG', 'GMDMG']",1649.0,0.517,3416.0
65,G:HGNC:8905,G:HGNC:8906,"['GMG', 'GMDpDMG']",2118.0,0.419,3647.0
66,G:HGNC:8905,G:HGNC:8906,"['GMDMG', 'GMDpDMG']",5396.0,0.379,8695.0
67,G:HGNC:8905,G:HGNC:8906,"['GTG', 'GMG', 'GMDMG']",849.0,0.732,3173.0
68,G:HGNC:8905,G:HGNC:8906,"['GTG', 'GMG', 'GMDpDMG']",1250.0,0.628,3363.0
69,G:HGNC:8905,G:HGNC:8906,"['GTG', 'GMDMG', 'GMDpDMG']",3694.0,0.577,8734.0
70,G:HGNC:8905,G:HGNC:8906,"['GMG', 'GMDMG', 'GMDpDMG']",2319.0,0.449,4211.0
71,G:HGNC:8905,G:HGNC:8906,"['GTG', 'GMG', 'GMDMG', 'GMDpDMG']",1501.0,0.596,3718.0
72,G:HGNC:251,G:HGNC:255,['GTG'],3.0,0.989,273.0
73,G:HGNC:2460,G:HGNC:9381,['GTG'],137.0,0.778,617.0
74,G:HGNC:8784,G:HGNC:8787,['GPdPG'],16.0,0.698,53.0
75,G:HGNC:8784,G:HGNC:8787,['GTG'],16.0,0.947,303.0
76,G:HGNC:8784,G:HGNC:8787,"['GPdPG', 'GTG']",17.0,0.907,183.0
77,G:HGNC:8592,G:HGNC:9402,['GDpDpDG'],2507.0,0.557,5655.0
78,G:HGNC:8592,G:HGNC:9402,['GPdPG'],3.0,0.932,44.0
79,G:HGNC:8592,G:HGNC:9402,['GTG'],214.0,0.643,599.0
80,G:HGNC:8592,G:HGNC:9402,['GMG'],291.0,0.464,543.0
81,G:HGNC:8592,G:HGNC:9402,"['GDpDpDG', 'GPdPG']",47.0,0.678,146.0
82,G:HGNC:8592,G:HGNC:9402,"['GDpDpDG', 'GTG']",2117.0,0.562,4831.0
83,G:HGNC:8592,G:HGNC:9402,"['GDpDpDG', 'GMG']",654.0,0.546,1439.0
84,G:HGNC:8592,G:HGNC:9402,"['GPdPG', 'GTG']",165.0,0.45,300.0
85,G:HGNC:8592,G:HGNC:9402,"['GPdPG', 'GMG']",29.0,0.71,100.0
86,G:HGNC:8592,G:HGNC:9402,"['GTG', 'GMG']",205.0,0.743,797.0
87,G:HGNC:8592,G:HGNC:9402,"['GDpDpDG', 'GPdPG', 'GTG']",47.0,0.671,143.0
88,G:HGNC:8592,G:HGNC:9402,"['GDpDpDG', 'GPdPG', 'GMG']",15.0,0.667,45.0
89,G:HGNC:8592,G:HGNC:9402,"['GDpDpDG', 'GTG', 'GMG']",571.0,0.535,1228.0
90,G:HGNC:8592,G:HGNC:9402,"['GPdPG', 'GTG', 'GMG']",60.0,0.556,135.0
91,G:HGNC:8592,G:HGNC:9402,"['GDpDpDG', 'GPdPG', 'GTG', 'GMG']",15.0,0.667,45.0
92,G:HGNC:10540,G:HGNC:23160,['GTG'],2.0,0.993,301.0
93,G:HGNC:10540,G:HGNC:23160,['GMG'],21.0,0.93,302.0
94,G:HGNC:10540,G:HGNC:23160,"['GTG', 'GMG']",1.0,0.998,423.0
95,G:HGNC:9416,G:HGNC:9395,['GTG'],183.0,0.704,618.0
96,G:HGNC:9416,G:HGNC:9395,['GMG'],666.0,0.339,1008.0
97,G:HGNC:9416,G:HGNC:9395,['GMDMG'],2624.0,0.33,3917.0
98,G:HGNC:9416,G:HGNC:9395,['GMDpDMG'],3401.0,0.367,5374.0
99,G:HGNC:9416,G:HGNC:9395,"['GTG', 'GMG']",541.0,0.577,1280.0
100,G:HGNC:9416,G:HGNC:9395,"['GTG', 'GMDMG']",2919.0,0.409,4935.0
101,G:HGNC:9416,G:HGNC:9395,"['GTG', 'GMDpDMG']",4110.0,0.408,6941.0
102,G:HGNC:9416,G:HGNC:9395,"['GMG', 'GMDMG']",2869.0,0.335,4315.0
103,G:HGNC:9416,G:HGNC:9395,"['GMG', 'GMDpDMG']",3074.0,0.356,4777.0
104,G:HGNC:9416,G:HGNC:9395,"['GMDMG', 'GMDpDMG']",5655.0,0.354,8756.0
105,G:HGNC:9416,G:HGNC:9395,"['GTG', 'GMG', 'GMDMG']",2529.0,0.36,3950.0
106,G:HGNC:9416,G:HGNC:9395,"['GTG', 'GMG', 'GMDpDMG']",2668.0,0.361,4173.0
107,G:HGNC:9416,G:HGNC:9395,"['GTG', 'GMDMG', 'GMDpDMG']",4932.0,0.416,8438.0
108,G:HGNC:9416,G:HGNC:9395,"['GMG', 'GMDMG', 'GMDpDMG']",3694.0,0.314,5384.0
109,G:HGNC:9416,G:HGNC:9395,"['GTG', 'GMG', 'GMDMG', 'GMDpDMG']",3080.0,0.312,4475.0
110,G:HGNC:18080,G:HGNC:10871,['GTG'],5.0,0.977,214.0
111,G:HGNC:8787,G:HGNC:8779,['GPdPG'],6.0,0.786,28.0
112,G:HGNC:8787,G:HGNC:8779,['GTG'],176.0,0.531,375.0
113,G:HGNC:8787,G:HGNC:8779,"['GPdPG', 'GTG']",26.0,0.48,50.0
114,G:HGNC:19316,G:HGNC:19317,['GDpDpDG'],3275.0,0.358,5099.0
115,G:HGNC:19316,G:HGNC:19317,['GPdPG'],1.0,0.917,12.0
116,G:HGNC:19316,G:HGNC:19317,['GTG'],2.0,0.994,363.0
117,G:HGNC:19316,G:HGNC:19317,['GMDMG'],969.0,0.601,2429.0
118,G:HGNC:19316,G:HGNC:19317,['GMDpDMG'],2431.0,0.454,4450.0
119,G:HGNC:19316,G:HGNC:19317,"['GDpDpDG', 'GPdPG']",25.0,0.324,37.0
120,G:HGNC:19316,G:HGNC:19317,"['GDpDpDG', 'GTG']",2041.0,0.296,2900.0
121,G:HGNC:19316,G:HGNC:19317,"['GDpDpDG', 'GMDMG']",2678.0,0.285,3745.0
122,G:HGNC:19316,G:HGNC:19317,"['GDpDpDG', 'GMDpDMG']",2390.0,0.271,3279.0
123,G:HGNC:19316,G:HGNC:19317,"['GPdPG', 'GTG']",2.0,0.966,58.0
124,G:HGNC:19316,G:HGNC:19317,"['GPdPG', 'GMDMG']",22.0,0.56,50.0
125,G:HGNC:19316,G:HGNC:19317,"['GPdPG', 'GMDpDMG']",33.0,0.421,57.0
126,G:HGNC:19316,G:HGNC:19317,"['GTG', 'GMDMG']",137.0,0.94,2282.0
127,G:HGNC:19316,G:HGNC:19317,"['GTG', 'GMDpDMG']",1342.0,0.647,3807.0
128,G:HGNC:19316,G:HGNC:19317,"['GMDMG', 'GMDpDMG']",3678.0,0.422,6368.0
129,G:HGNC:19316,G:HGNC:19317,"['GDpDpDG', 'GPdPG', 'GTG']",21.0,0.222,27.0
130,G:HGNC:19316,G:HGNC:19317,"['GDpDpDG', 'GPdPG', 'GMDMG']",21.0,0.222,27.0
131,G:HGNC:19316,G:HGNC:19317,"['GDpDpDG', 'GPdPG', 'GMDpDMG']",18.0,0.28,25.0
132,G:HGNC:19316,G:HGNC:19317,"['GDpDpDG', 'GTG', 'GMDMG']",1628.0,0.229,2112.0
133,G:HGNC:19316,G:HGNC:19317,"['GDpDpDG', 'GTG', 'GMDpDMG']",1464.0,0.21,1852.0
134,G:HGNC:19316,G:HGNC:19317,"['GDpDpDG', 'GMDMG', 'GMDpDMG']",2457.0,0.25,3274.0
135,G:HGNC:19316,G:HGNC:19317,"['GPdPG', 'GTG', 'GMDMG']",5.0,0.884,43.0
136,G:HGNC:19316,G:HGNC:19317,"['GPdPG', 'GTG', 'GMDpDMG']",15.0,0.643,42.0
137,G:HGNC:19316,G:HGNC:19317,"['GPdPG', 'GMDMG', 'GMDpDMG']",35.0,0.397,58.0
138,G:HGNC:19316,G:HGNC:19317,"['GTG', 'GMDMG', 'GMDpDMG']",1723.0,0.633,4690.0
139,G:HGNC:19316,G:HGNC:19317,"['GDpDpDG', 'GPdPG', 'GTG', 'GMDMG']",15.0,0.167,18.0
140,G:HGNC:19316,G:HGNC:19317,"['GDpDpDG', 'GPdPG', 'GTG', 'GMDpDMG']",13.0,0.188,16.0
141,G:HGNC:19316,G:HGNC:19317,"['GDpDpDG', 'GPdPG', 'GMDMG', 'GMDpDMG']",19.0,0.24,25.0
142,G:HGNC:19316,G:HGNC:19317,"['GDpDpDG', 'GTG', 'GMDMG', 'GMDpDMG']",1485.0,0.196,1847.0
143,G:HGNC:19316,G:HGNC:19317,"['GPdPG', 'GTG', 'GMDMG', 'GMDpDMG']",18.0,0.581,43.0
144,G:HGNC:19316,G:HGNC:19317,"['GDpDpDG', 'GPdPG', 'GTG', 'GMDMG', 'GMDpDMG']",12.0,0.25,16.0
145,G:HGNC:6863,G:HGNC:11399,['GPdPG'],1.0,0.963,27.0
146,G:HGNC:6863,G:HGNC:11399,['GTG'],37.0,0.926,497.0
147,G:HGNC:6863,G:HGNC:11399,"['GPdPG', 'GTG']",32.0,0.887,282.0
148,G:HGNC:4131,G:HGNC:23233,['GTG'],8.0,0.961,205.0
149,G:HGNC:5194,G:HGNC:5195,['GTG'],4.0,0.974,151.0
150,G:HGNC:5194,G:HGNC:5195,['GMDMG'],3646.0,0.155,4317.0
151,G:HGNC:5194,G:HGNC:5195,"['GTG', 'GMDMG']",177.0,0.684,560.0
152,G:HGNC:9381,G:HGNC:9403,['GTG'],65.0,0.891,594.0
153,G:HGNC:9381,G:HGNC:9403,['GMDMG'],2831.0,0.258,3813.0
154,G:HGNC:9381,G:HGNC:9403,"['GTG', 'GMDMG']",3052.0,0.345,4663.0
155,G:HGNC:22140,G:HGNC:9416,['GTG'],159.0,0.619,417.0
156,G:HGNC:22140,G:HGNC:9416,['GMDMG'],2903.0,0.127,3324.0
157,G:HGNC:22140,G:HGNC:9416,['GMDpDMG'],2911.0,0.364,4579.0
158,G:HGNC:22140,G:HGNC:9416,"['GTG', 'GMDMG']",2700.0,0.153,3189.0
159,G:HGNC:22140,G:HGNC:9416,"['GTG', 'GMDpDMG']",3219.0,0.27,4407.0
160,G:HGNC:22140,G:HGNC:9416,"['GMDMG', 'GMDpDMG']",5817.0,0.116,6579.0
161,G:HGNC:22140,G:HGNC:9416,"['GTG', 'GMDMG', 'GMDpDMG']",4868.0,0.125,5562.0
162,G:HGNC:813,G:HGNC:817,['GTG'],60.0,0.889,540.0
163,G:HGNC:813,G:HGNC:817,['GMG'],397.0,0.449,721.0
164,G:HGNC:813,G:HGNC:817,"['GTG', 'GMG']",117.0,0.866,874.0
165,G:HGNC:9416,G:HGNC:9413,['GTG'],253.0,0.624,673.0
166,G:HGNC:9416,G:HGNC:9413,['GMG'],298.0,0.433,526.0
167,G:HGNC:9416,G:HGNC:9413,['GMDMG'],133.0,0.957,3084.0
168,G:HGNC:9416,G:HGNC:9413,['GMDpDMG'],3185.0,0.185,3907.0
169,G:HGNC:9416,G:HGNC:9413,"['GTG', 'GMG']",271.0,0.634,741.0
170,G:HGNC:9416,G:HGNC:9413,"['GTG', 'GMDMG']",803.0,0.796,3944.0
171,G:HGNC:9416,G:HGNC:9413,"['GTG', 'GMDpDMG']",2336.0,0.396,3865.0
172,G:HGNC:9416,G:HGNC:9413,"['GMG', 'GMDMG']",527.0,0.8,2632.0
173,G:HGNC:9416,G:HGNC:9413,"['GMG', 'GMDpDMG']",1871.0,0.127,2143.0
174,G:HGNC:9416,G:HGNC:9413,"['GMDMG', 'GMDpDMG']",317.0,0.95,6328.0
175,G:HGNC:9416,G:HGNC:9413,"['GTG', 'GMG', 'GMDMG']",685.0,0.688,2196.0
176,G:HGNC:9416,G:HGNC:9413,"['GTG', 'GMG', 'GMDpDMG']",1072.0,0.396,1775.0
177,G:HGNC:9416,G:HGNC:9413,"['GTG', 'GMDMG', 'GMDpDMG']",1118.0,0.811,5922.0
178,G:HGNC:9416,G:HGNC:9413,"['GMG', 'GMDMG', 'GMDpDMG']",507.0,0.829,2957.0
179,G:HGNC:9416,G:HGNC:9413,"['GTG', 'GMG', 'GMDMG', 'GMDpDMG']",630.0,0.722,2268.0
180,G:HGNC:3516,G:HGNC:3518,['GTG'],1.0,0.997,294.0
181,G:HGNC:16637,G:HGNC:29958,['GTG'],93.0,0.785,432.0
182,G:HGNC:7458,G:HGNC:7708,['GDG'],6.0,0.333,9.0
183,G:HGNC:7458,G:HGNC:7708,['GDpDG'],13.0,0.987,966.0
184,G:HGNC:7458,G:HGNC:7708,['GDpDpDG'],1176.0,0.801,5912.0
185,G:HGNC:7458,G:HGNC:7708,['GPdPG'],1.0,0.933,15.0
186,G:HGNC:7458,G:HGNC:7708,['GTG'],29.0,0.918,355.0
187,G:HGNC:7458,G:HGNC:7708,"['GDG', 'GDpDG']",13.0,0.536,28.0
188,G:HGNC:7458,G:HGNC:7708,"['GDG', 'GDpDpDG']",21.0,0.222,27.0
189,G:HGNC:7458,G:HGNC:7708,"['GDG', 'GPdPG']",5.0,0.5,10.0
190,G:HGNC:7458,G:HGNC:7708,"['GDG', 'GTG']",24.0,0.529,51.0
191,G:HGNC:7458,G:HGNC:7708,"['GDpDG', 'GDpDpDG']",1159.0,0.645,3263.0
192,G:HGNC:7458,G:HGNC:7708,"['GDpDG', 'GPdPG']",10.0,0.861,72.0
193,G:HGNC:7458,G:HGNC:7708,"['GDpDG', 'GTG']",50.0,0.956,1136.0
194,G:HGNC:7458,G:HGNC:7708,"['GDpDpDG', 'GPdPG']",37.0,0.641,103.0
195,G:HGNC:7458,G:HGNC:7708,"['GDpDpDG', 'GTG']",983.0,0.789,4665.0
196,G:HGNC:7458,G:HGNC:7708,"['GPdPG', 'GTG']",26.0,0.737,99.0
197,G:HGNC:7458,G:HGNC:7708,"['GDG', 'GDpDG', 'GDpDpDG']",21.0,0.222,27.0
198,G:HGNC:7458,G:HGNC:7708,"['GDG', 'GDpDG', 'GPdPG']",11.0,0.312,16.0
199,G:HGNC:7458,G:HGNC:7708,"['GDG', 'GDpDG', 'GTG']",50.0,0.254,67.0
200,G:HGNC:7458,G:HGNC:7708,"['GDG', 'GDpDpDG', 'GPdPG']",11.0,0.267,15.0
201,G:HGNC:7458,G:HGNC:7708,"['GDG', 'GDpDpDG', 'GTG']",36.0,0.321,53.0
202,G:HGNC:7458,G:HGNC:7708,"['GDG', 'GPdPG', 'GTG']",22.0,0.389,36.0
203,G:HGNC:7458,G:HGNC:7708,"['GDpDG', 'GDpDpDG', 'GPdPG']",37.0,0.526,78.0
204,G:HGNC:7458,G:HGNC:7708,"['GDpDG', 'GDpDpDG', 'GTG']",968.0,0.628,2603.0
205,G:HGNC:7458,G:HGNC:7708,"['GDpDG', 'GPdPG', 'GTG']",39.0,0.567,90.0
206,G:HGNC:7458,G:HGNC:7708,"['GDpDpDG', 'GPdPG', 'GTG']",46.0,0.516,95.0
207,G:HGNC:7458,G:HGNC:7708,"['GDG', 'GDpDG', 'GDpDpDG', 'GPdPG']",11.0,0.267,15.0
208,G:HGNC:7458,G:HGNC:7708,"['GDG', 'GDpDG', 'GDpDpDG', 'GTG']",36.0,0.321,53.0
209,G:HGNC:7458,G:HGNC:7708,"['GDG', 'GDpDG', 'GPdPG', 'GTG']",39.0,0.133,45.0
210,G:HGNC:7458,G:HGNC:7708,"['GDG', 'GDpDpDG', 'GPdPG', 'GTG']",24.0,0.333,36.0
211,G:HGNC:7458,G:HGNC:7708,"['GDpDG', 'GDpDpDG', 'GPdPG', 'GTG']",46.0,0.432,81.0
212,G:HGNC:7458,G:HGNC:7708,"['GDG', 'GDpDG', 'GDpDpDG', 'GPdPG', 'GTG']",24.0,0.333,36.0
213,G:HGNC:9302,G:HGNC:9300,['GTG'],39.0,0.931,566.0
214,G:HGNC:9302,G:HGNC:9300,['GMDMG'],2311.0,0.363,3630.0
215,G:HGNC:9302,G:HGNC:9300,['GMDpDMG'],3585.0,0.361,5606.0
216,G:HGNC:9302,G:HGNC:9300,"['GTG', 'GMDMG']",2496.0,0.45,4536.0
217,G:HGNC:9302,G:HGNC:9300,"['GTG', 'GMDpDMG']",4110.0,0.417,7048.0
218,G:HGNC:9302,G:HGNC:9300,"['GMDMG', 'GMDpDMG']",5252.0,0.343,7989.0
219,G:HGNC:9302,G:HGNC:9300,"['GTG', 'GMDMG', 'GMDpDMG']",5049.0,0.41,8551.0
220,G:HGNC:811,G:HGNC:13211,['GTG'],8.0,0.981,415.0
221,G:HGNC:8590,G:HGNC:9380,['GPdPG'],34.0,0.469,64.0
222,G:HGNC:8590,G:HGNC:9380,['GTG'],217.0,0.737,825.0
223,G:HGNC:8590,G:HGNC:9380,['GMDMG'],2502.0,0.256,3361.0
224,G:HGNC:8590,G:HGNC:9380,"['GPdPG', 'GTG']",214.0,0.496,425.0
225,G:HGNC:8590,G:HGNC:9380,"['GPdPG', 'GMDMG']",210.0,0.402,351.0
226,G:HGNC:8590,G:HGNC:9380,"['GTG', 'GMDMG']",3253.0,0.316,4754.0
227,G:HGNC:8590,G:HGNC:9380,"['GPdPG', 'GTG', 'GMDMG']",250.0,0.39,410.0
228,G:HGNC:9410,G:HGNC:18133,['GPdPG'],7.0,0.863,51.0
229,G:HGNC:9410,G:HGNC:18133,['GTG'],218.0,0.617,569.0
230,G:HGNC:9410,G:HGNC:18133,"['GPdPG', 'GTG']",192.0,0.423,333.0
231,G:HGNC:2285,G:HGNC:2277,['GTG'],5.0,0.976,206.0
232,G:HGNC:18133,G:HGNC:9413,['GTG'],290.0,0.613,749.0
233,G:HGNC:9611,G:HGNC:10481,['GTG'],260.0,0.67,789.0
234,G:HGNC:9611,G:HGNC:10481,['GMG'],188.0,0.584,452.0
235,G:HGNC:9611,G:HGNC:10481,['GMDMG'],145.0,0.949,2832.0
236,G:HGNC:9611,G:HGNC:10481,['GMDpDMG'],3203.0,0.284,4473.0
237,G:HGNC:9611,G:HGNC:10481,"['GTG', 'GMG']",119.0,0.856,825.0
238,G:HGNC:9611,G:HGNC:10481,"['GTG', 'GMDMG']",1564.0,0.611,4017.0
239,G:HGNC:9611,G:HGNC:10481,"['GTG', 'GMDpDMG']",4110.0,0.281,5714.0
240,G:HGNC:9611,G:HGNC:10481,"['GMG', 'GMDMG']",314.0,0.862,2281.0
241,G:HGNC:9611,G:HGNC:10481,"['GMG', 'GMDpDMG']",1815.0,0.257,2444.0
242,G:HGNC:9611,G:HGNC:10481,"['GMDMG', 'GMDpDMG']",2250.0,0.64,6258.0
243,G:HGNC:9611,G:HGNC:10481,"['GTG', 'GMG', 'GMDMG']",1015.0,0.605,2567.0
244,G:HGNC:9611,G:HGNC:10481,"['GTG', 'GMG', 'GMDpDMG']",1765.0,0.335,2653.0
245,G:HGNC:9611,G:HGNC:10481,"['GTG', 'GMDMG', 'GMDpDMG']",3826.0,0.468,7198.0
246,G:HGNC:9611,G:HGNC:10481,"['GMG', 'GMDMG', 'GMDpDMG']",1214.0,0.591,2968.0
247,G:HGNC:9611,G:HGNC:10481,"['GTG', 'GMG', 'GMDMG', 'GMDpDMG']",1653.0,0.445,2980.0
248,G:HGNC:1973,G:HGNC:5201,['GTG'],42.0,0.814,226.0
249,G:HGNC:1973,G:HGNC:5201,['GMDMG'],104.0,0.945,1882.0
250,G:HGNC:1973,G:HGNC:5201,"['GTG', 'GMDMG']",147.0,0.826,847.0
251,G:HGNC:9299,G:HGNC:15566,['GTG'],78.0,0.861,562.0
252,G:HGNC:9299,G:HGNC:15566,['GMDMG'],2597.0,0.17,3129.0
253,G:HGNC:9299,G:HGNC:15566,"['GTG', 'GMDMG']",3244.0,0.219,4154.0
254,G:HGNC:9286,G:HGNC:9288,['GTG'],4.0,0.985,275.0
255,G:HGNC:9286,G:HGNC:9288,['GMG'],201.0,0.648,571.0
256,G:HGNC:9286,G:HGNC:9288,['GMDMG'],3486.0,0.123,3974.0
257,G:HGNC:9286,G:HGNC:9288,['GMDpDMG'],4000.0,0.075,4324.0
258,G:HGNC:9286,G:HGNC:9288,"['GTG', 'GMG']",29.0,0.954,627.0
259,G:HGNC:9286,G:HGNC:9288,"['GTG', 'GMDMG']",3674.0,0.165,4398.0
260,G:HGNC:9286,G:HGNC:9288,"['GTG', 'GMDpDMG']",3949.0,0.178,4807.0
261,G:HGNC:9286,G:HGNC:9288,"['GMG', 'GMDMG']",2828.0,0.122,3220.0
262,G:HGNC:9286,G:HGNC:9288,"['GMG', 'GMDpDMG']",2743.0,0.143,3202.0
263,G:HGNC:9286,G:HGNC:9288,"['GMDMG', 'GMDpDMG']",6480.0,0.05,6820.0
264,G:HGNC:9286,G:HGNC:9288,"['GTG', 'GMG', 'GMDMG']",1962.0,0.194,2435.0
265,G:HGNC:9286,G:HGNC:9288,"['GTG', 'GMG', 'GMDpDMG']",1888.0,0.178,2298.0
266,G:HGNC:9286,G:HGNC:9288,"['GTG', 'GMDMG', 'GMDpDMG']",5329.0,0.093,5875.0
267,G:HGNC:9286,G:HGNC:9288,"['GMG', 'GMDMG', 'GMDpDMG']",3216.0,0.058,3413.0
268,G:HGNC:9286,G:HGNC:9288,"['GTG', 'GMG', 'GMDMG', 'GMDpDMG']",2189.0,0.079,2377.0
269,G:HGNC:5330,G:HGNC:29685,['GDpDpDG'],1644.0,0.714,5743.0
270,G:HGNC:5330,G:HGNC:29685,['GPdPG'],1.0,0.75,4.0
271,G:HGNC:5330,G:HGNC:29685,['GTG'],2.0,0.995,402.0
272,G:HGNC:5330,G:HGNC:29685,['GMG'],70.0,0.822,393.0
273,G:HGNC:5330,G:HGNC:29685,['GMDMG'],1901.0,0.4,3170.0
274,G:HGNC:5330,G:HGNC:29685,['GMDpDMG'],287.0,0.941,4843.0
275,G:HGNC:5330,G:HGNC:29685,"['GDpDpDG', 'GPdPG']",3.0,0.0,3.0
276,G:HGNC:5330,G:HGNC:29685,"['GDpDpDG', 'GTG']",1111.0,0.72,3973.0
277,G:HGNC:5330,G:HGNC:29685,"['GDpDpDG', 'GMG']",477.0,0.645,1343.0
278,G:HGNC:5330,G:HGNC:29685,"['GDpDpDG', 'GMDMG']",1205.0,0.694,3934.0
279,G:HGNC:5330,G:HGNC:29685,"['GDpDpDG', 'GMDpDMG']",1037.0,0.706,3526.0
280,G:HGNC:5330,G:HGNC:29685,"['GPdPG', 'GTG']",1.0,0.8,5.0
281,G:HGNC:5330,G:HGNC:29685,"['GPdPG', 'GMG']",3.0,0.4,5.0
282,G:HGNC:5330,G:HGNC:29685,"['GPdPG', 'GMDMG']",7.0,0.0,7.0
283,G:HGNC:5330,G:HGNC:29685,"['GPdPG', 'GMDpDMG']",1.0,0.857,7.0
284,G:HGNC:5330,G:HGNC:29685,"['GTG', 'GMG']",2.0,0.997,629.0
285,G:HGNC:5330,G:HGNC:29685,"['GTG', 'GMDMG']",950.0,0.697,3132.0
286,G:HGNC:5330,G:HGNC:29685,"['GTG', 'GMDpDMG']",88.0,0.981,4605.0
287,G:HGNC:5330,G:HGNC:29685,"['GMG', 'GMDMG']",1845.0,0.34,2795.0
288,G:HGNC:5330,G:HGNC:29685,"['GMG', 'GMDpDMG']",77.0,0.978,3486.0
289,G:HGNC:5330,G:HGNC:29685,"['GMDMG', 'GMDpDMG']",981.0,0.856,6819.0
290,G:HGNC:5330,G:HGNC:29685,"['GDpDpDG', 'GPdPG', 'GTG']",2.0,0.0,2.0
291,G:HGNC:5330,G:HGNC:29685,"['GDpDpDG', 'GPdPG', 'GMG']",1.0,0.0,1.0
292,G:HGNC:5330,G:HGNC:29685,"['GDpDpDG', 'GPdPG', 'GMDMG']",3.0,0.0,3.0
293,G:HGNC:5330,G:HGNC:29685,"['GDpDpDG', 'GPdPG', 'GMDpDMG']",3.0,0.0,3.0
294,G:HGNC:5330,G:HGNC:29685,"['GDpDpDG', 'GTG', 'GMG']",367.0,0.653,1057.0
295,G:HGNC:5330,G:HGNC:29685,"['GDpDpDG', 'GTG', 'GMDMG']",840.0,0.697,2776.0
296,G:HGNC:5330,G:HGNC:29685,"['GDpDpDG', 'GTG', 'GMDpDMG']",722.0,0.709,2477.0
297,G:HGNC:5330,G:HGNC:29685,"['GDpDpDG', 'GMG', 'GMDMG']",455.0,0.641,1268.0
298,G:HGNC:5330,G:HGNC:29685,"['GDpDpDG', 'GMG', 'GMDpDMG']",382.0,0.656,1110.0
299,G:HGNC:5330,G:HGNC:29685,"['GDpDpDG', 'GMDMG', 'GMDpDMG']",1029.0,0.707,3509.0
300,G:HGNC:5330,G:HGNC:29685,"['GPdPG', 'GTG', 'GMG']",1.0,0.75,4.0
301,G:HGNC:5330,G:HGNC:29685,"['GPdPG', 'GTG', 'GMDMG']",2.0,0.5,4.0
302,G:HGNC:5330,G:HGNC:29685,"['GPdPG', 'GTG', 'GMDpDMG']",1.0,0.8,5.0
303,G:HGNC:5330,G:HGNC:29685,"['GPdPG', 'GMG', 'GMDMG']",5.0,0.0,5.0
304,G:HGNC:5330,G:HGNC:29685,"['GPdPG', 'GMG', 'GMDpDMG']",1.0,0.8,5.0
305,G:HGNC:5330,G:HGNC:29685,"['GPdPG', 'GMDMG', 'GMDpDMG']",1.0,0.857,7.0
306,G:HGNC:5330,G:HGNC:29685,"['GTG', 'GMG', 'GMDMG']",722.0,0.709,2483.0
307,G:HGNC:5330,G:HGNC:29685,"['GTG', 'GMG', 'GMDpDMG']",17.0,0.994,2798.0
308,G:HGNC:5330,G:HGNC:29685,"['GTG', 'GMDMG', 'GMDpDMG']",314.0,0.946,5763.0
309,G:HGNC:5330,G:HGNC:29685,"['GMG', 'GMDMG', 'GMDpDMG']",344.0,0.915,4056.0
310,G:HGNC:5330,G:HGNC:29685,"['GDpDpDG', 'GPdPG', 'GTG', 'GMG']",1.0,0.0,1.0
311,G:HGNC:5330,G:HGNC:29685,"['GDpDpDG', 'GPdPG', 'GTG', 'GMDMG']",2.0,0.0,2.0
312,G:HGNC:5330,G:HGNC:29685,"['GDpDpDG', 'GPdPG', 'GTG', 'GMDpDMG']",2.0,0.0,2.0
313,G:HGNC:5330,G:HGNC:29685,"['GDpDpDG', 'GPdPG', 'GMG', 'GMDMG']",1.0,0.0,1.0
314,G:HGNC:5330,G:HGNC:29685,"['GDpDpDG', 'GPdPG', 'GMG', 'GMDpDMG']",1.0,0.0,1.0
315,G:HGNC:5330,G:HGNC:29685,"['GDpDpDG', 'GPdPG', 'GMDMG', 'GMDpDMG']",3.0,0.0,3.0
316,G:HGNC:5330,G:HGNC:29685,"['GDpDpDG', 'GTG', 'GMG', 'GMDMG']",350.0,0.651,1004.0
317,G:HGNC:5330,G:HGNC:29685,"['GDpDpDG', 'GTG', 'GMG', 'GMDpDMG']",293.0,0.667,881.0
318,G:HGNC:5330,G:HGNC:29685,"['GDpDpDG', 'GTG', 'GMDMG', 'GMDpDMG']",719.0,0.708,2462.0
319,G:HGNC:5330,G:HGNC:29685,"['GDpDpDG', 'GMG', 'GMDMG', 'GMDpDMG']",378.0,0.659,1109.0
320,G:HGNC:5330,G:HGNC:29685,"['GPdPG', 'GTG', 'GMG', 'GMDMG']",2.0,0.5,4.0
321,G:HGNC:5330,G:HGNC:29685,"['GPdPG', 'GTG', 'GMG', 'GMDpDMG']",1.0,0.75,4.0
322,G:HGNC:5330,G:HGNC:29685,"['GPdPG', 'GTG', 'GMDMG', 'GMDpDMG']",1.0,0.8,5.0
323,G:HGNC:5330,G:HGNC:29685,"['GPdPG', 'GMG', 'GMDMG', 'GMDpDMG']",1.0,0.8,5.0
324,G:HGNC:5330,G:HGNC:29685,"['GTG', 'GMG', 'GMDMG', 'GMDpDMG']",66.0,0.979,3128.0
325,G:HGNC:5330,G:HGNC:29685,"['GDpDpDG', 'GPdPG', 'GTG', 'GMG', 'GMDMG']",1.0,0.0,1.0
326,G:HGNC:5330,G:HGNC:29685,"['GDpDpDG', 'GPdPG', 'GTG', 'GMG', 'GMDpDMG']",1.0,0.0,1.0
327,G:HGNC:5330,G:HGNC:29685,"['GDpDpDG', 'GPdPG', 'GTG', 'GMDMG', 'GMDpDMG']",2.0,0.0,2.0
328,G:HGNC:5330,G:HGNC:29685,"['GDpDpDG', 'GPdPG', 'GMG', 'GMDMG', 'GMDpDMG']",1.0,0.0,1.0
329,G:HGNC:5330,G:HGNC:29685,"['GDpDpDG', 'GTG', 'GMG', 'GMDMG', 'GMDpDMG']",296.0,0.664,882.0
330,G:HGNC:5330,G:HGNC:29685,"['GPdPG', 'GTG', 'GMG', 'GMDMG', 'GMDpDMG']",1.0,0.75,4.0
331,G:HGNC:5330,G:HGNC:29685,"['GDpDpDG', 'GPdPG', 'GTG', 'GMG', 'GMDMG', 'GMDpDMG']",1.0,0.0,1.0
332,G:HGNC:9299,G:HGNC:9318,['GTG'],380.0,0.246,504.0
333,G:HGNC:21531,G:HGNC:22946,['GTG'],2.0,0.992,236.0
334,G:HGNC:5194,G:HGNC:5196,['GPdPG'],4.0,0.778,18.0
335,G:HGNC:5194,G:HGNC:5196,['GTG'],3.0,0.981,154.0
336,G:HGNC:5194,G:HGNC:5196,['GMDMG'],4088.0,0.132,4708.0
337,G:HGNC:5194,G:HGNC:5196,['GMDpDMG'],3294.0,0.441,5888.0
338,G:HGNC:5194,G:HGNC:5196,"['GPdPG', 'GTG']",1.0,0.9,10.0
339,G:HGNC:5194,G:HGNC:5196,"['GPdPG', 'GMDMG']",19.0,0.208,24.0
340,G:HGNC:5194,G:HGNC:5196,"['GPdPG', 'GMDpDMG']",11.0,0.542,24.0
341,G:HGNC:5194,G:HGNC:5196,"['GTG', 'GMDMG']",364.0,0.503,732.0
342,G:HGNC:5194,G:HGNC:5196,"['GTG', 'GMDpDMG']",315.0,0.734,1183.0
343,G:HGNC:5194,G:HGNC:5196,"['GMDMG', 'GMDpDMG']",5640.0,0.389,9224.0
344,G:HGNC:5194,G:HGNC:5196,"['GPdPG', 'GTG', 'GMDMG']",7.0,0.222,9.0
345,G:HGNC:5194,G:HGNC:5196,"['GPdPG', 'GTG', 'GMDpDMG']",6.0,0.333,9.0
346,G:HGNC:5194,G:HGNC:5196,"['GPdPG', 'GMDMG', 'GMDpDMG']",12.0,0.5,24.0
347,G:HGNC:5194,G:HGNC:5196,"['GTG', 'GMDMG', 'GMDpDMG']",430.0,0.669,1298.0
348,G:HGNC:5194,G:HGNC:5196,"['GPdPG', 'GTG', 'GMDMG', 'GMDpDMG']",6.0,0.333,9.0
349,G:HGNC:9304,G:HGNC:9307,['GTG'],15.0,0.959,369.0
350,G:HGNC:9306,G:HGNC:9300,['GTG'],20.0,0.949,391.0
351,G:HGNC:9306,G:HGNC:9300,['GMDMG'],2385.0,0.151,2808.0
352,G:HGNC:9306,G:HGNC:9300,['GMDpDMG'],13.0,0.996,3582.0
353,G:HGNC:9306,G:HGNC:9300,"['GTG', 'GMDMG']",1793.0,0.395,2966.0
354,G:HGNC:9306,G:HGNC:9300,"['GTG', 'GMDpDMG']",52.0,0.986,3684.0
355,G:HGNC:9306,G:HGNC:9300,"['GMDMG', 'GMDpDMG']",2053.0,0.648,5833.0
356,G:HGNC:9306,G:HGNC:9300,"['GTG', 'GMDMG', 'GMDpDMG']",1414.0,0.74,5435.0
357,G:HGNC:393,G:HGNC:9403,['GTG'],38.0,0.933,571.0
358,G:HGNC:393,G:HGNC:9403,['GMDMG'],3257.0,0.187,4007.0
359,G:HGNC:393,G:HGNC:9403,"['GTG', 'GMDMG']",3394.0,0.319,4984.0
360,G:HGNC:9611,G:HGNC:8031,['GPdPG'],14.0,0.785,65.0
361,G:HGNC:9611,G:HGNC:8031,['GTG'],138.0,0.824,783.0
362,G:HGNC:9611,G:HGNC:8031,"['GPdPG', 'GTG']",107.0,0.7,357.0
363,G:HGNC:9036,G:HGNC:27396,['GTG'],8.0,0.977,345.0
364,G:HGNC:9036,G:HGNC:27396,['GMDMG'],3205.0,0.061,3413.0
365,G:HGNC:9036,G:HGNC:27396,"['GTG', 'GMDMG']",2043.0,0.381,3302.0
366,G:HGNC:817,G:HGNC:816,['GTG'],13.0,0.977,556.0
367,G:HGNC:8931,G:HGNC:8930,['GTG'],1.0,0.997,378.0
368,G:HGNC:11455,G:HGNC:30004,['GTG'],13.0,0.951,264.0
369,G:HGNC:4127,G:HGNC:30488,['GTG'],2.0,0.992,239.0
370,G:HGNC:9276,G:HGNC:28110,['GTG'],12.0,0.968,378.0
371,G:HGNC:9276,G:HGNC:28110,['GMDMG'],2198.0,0.25,2929.0
372,G:HGNC:9276,G:HGNC:28110,['GMDpDMG'],337.0,0.922,4312.0
373,G:HGNC:9276,G:HGNC:28110,"['GTG', 'GMDMG']",2317.0,0.319,3403.0
374,G:HGNC:9276,G:HGNC:28110,"['GTG', 'GMDpDMG']",250.0,0.945,4505.0
375,G:HGNC:9276,G:HGNC:28110,"['GMDMG', 'GMDpDMG']",3660.0,0.426,6381.0
376,G:HGNC:9276,G:HGNC:28110,"['GTG', 'GMDMG', 'GMDpDMG']",2973.0,0.517,6153.0
377,G:HGNC:4127,G:HGNC:19873,['GTG'],6.0,0.975,241.0
378,G:HGNC:19342,G:HGNC:23317,['GTG'],19.0,0.893,177.0
379,G:HGNC:11408,G:HGNC:13480,['GTG'],175.0,0.738,668.0
380,G:HGNC:11408,G:HGNC:13480,['GMG'],666.0,0.548,1474.0
381,G:HGNC:11408,G:HGNC:13480,['GMDMG'],2463.0,0.396,4075.0
382,G:HGNC:11408,G:HGNC:13480,['GMDpDMG'],5177.0,0.14,6020.0
383,G:HGNC:11408,G:HGNC:13480,"['GTG', 'GMG']",425.0,0.756,1744.0
384,G:HGNC:11408,G:HGNC:13480,"['GTG', 'GMDMG']",2620.0,0.518,5434.0
385,G:HGNC:11408,G:HGNC:13480,"['GTG', 'GMDpDMG']",5907.0,0.243,7800.0
386,G:HGNC:11408,G:HGNC:13480,"['GMG', 'GMDMG']",2960.0,0.47,5585.0
387,G:HGNC:11408,G:HGNC:13480,"['GMG', 'GMDpDMG']",5072.0,0.251,6771.0
388,G:HGNC:11408,G:HGNC:13480,"['GMDMG', 'GMDpDMG']",6862.0,0.218,8772.0
389,G:HGNC:11408,G:HGNC:13480,"['GTG', 'GMG', 'GMDMG']",2527.0,0.529,5366.0
390,G:HGNC:11408,G:HGNC:13480,"['GTG', 'GMG', 'GMDpDMG']",4311.0,0.292,6086.0
391,G:HGNC:11408,G:HGNC:13480,"['GTG', 'GMDMG', 'GMDpDMG']",6414.0,0.316,9371.0
392,G:HGNC:11408,G:HGNC:13480,"['GMG', 'GMDMG', 'GMDpDMG']",5409.0,0.281,7527.0
393,G:HGNC:11408,G:HGNC:13480,"['GTG', 'GMG', 'GMDMG', 'GMDpDMG']",4515.0,0.311,6557.0
394,G:HGNC:28110,G:HGNC:9307,['GTG'],26.0,0.91,288.0
395,G:HGNC:8590,G:HGNC:11399,['GPdPG'],1.0,0.963,27.0
396,G:HGNC:8590,G:HGNC:11399,['GTG'],111.0,0.851,745.0
397,G:HGNC:8590,G:HGNC:11399,"['GPdPG', 'GTG']",84.0,0.751,338.0
398,G:HGNC:8957,G:HGNC:8960,['GDpDpDG'],2105.0,0.628,5666.0
399,G:HGNC:8957,G:HGNC:8960,['GTG'],6.0,0.978,275.0
400,G:HGNC:8957,G:HGNC:8960,"['GDpDpDG', 'GTG']",1238.0,0.582,2965.0
401,G:HGNC:9314,G:HGNC:9319,['GTG'],129.0,0.773,568.0
402,G:HGNC:9314,G:HGNC:9319,['GMDMG'],1057.0,0.658,3095.0
403,G:HGNC:9314,G:HGNC:9319,['GMDpDMG'],2303.0,0.589,5608.0
404,G:HGNC:9314,G:HGNC:9319,"['GTG', 'GMDMG']",2242.0,0.49,4393.0
405,G:HGNC:9314,G:HGNC:9319,"['GTG', 'GMDpDMG']",3021.0,0.579,7183.0
406,G:HGNC:9314,G:HGNC:9319,"['GMDMG', 'GMDpDMG']",3013.0,0.62,7936.0
407,G:HGNC:9314,G:HGNC:9319,"['GTG', 'GMDMG', 'GMDpDMG']",3479.0,0.604,8785.0
408,G:HGNC:3655,G:HGNC:2444,['GPdPG'],6.0,0.87,46.0
409,G:HGNC:3655,G:HGNC:2444,['GTG'],82.0,0.872,640.0
410,G:HGNC:3655,G:HGNC:2444,['GMDMG'],2189.0,0.323,3231.0
411,G:HGNC:3655,G:HGNC:2444,['GMDpDMG'],2913.0,0.365,4584.0
412,G:HGNC:3655,G:HGNC:2444,"['GPdPG', 'GTG']",74.0,0.757,305.0
413,G:HGNC:3655,G:HGNC:2444,"['GPdPG', 'GMDMG']",211.0,0.326,313.0
414,G:HGNC:3655,G:HGNC:2444,"['GPdPG', 'GMDpDMG']",216.0,0.349,332.0
415,G:HGNC:3655,G:HGNC:2444,"['GTG', 'GMDMG']",2773.0,0.361,4342.0
416,G:HGNC:3655,G:HGNC:2444,"['GTG', 'GMDpDMG']",3951.0,0.372,6294.0
417,G:HGNC:3655,G:HGNC:2444,"['GMDMG', 'GMDpDMG']",5213.0,0.302,7464.0
418,G:HGNC:3655,G:HGNC:2444,"['GPdPG', 'GTG', 'GMDMG']",223.0,0.433,393.0
419,G:HGNC:3655,G:HGNC:2444,"['GPdPG', 'GTG', 'GMDpDMG']",207.0,0.427,361.0
420,G:HGNC:3655,G:HGNC:2444,"['GPdPG', 'GMDMG', 'GMDpDMG']",258.0,0.287,362.0
421,G:HGNC:3655,G:HGNC:2444,"['GTG', 'GMDMG', 'GMDpDMG']",5241.0,0.342,7966.0
422,G:HGNC:3655,G:HGNC:2444,"['GPdPG', 'GTG', 'GMDMG', 'GMDpDMG']",238.0,0.35,366.0
423,G:HGNC:29149,G:HGNC:28110,['GTG'],10.0,0.974,384.0
424,G:HGNC:29149,G:HGNC:28110,['GMDMG'],2613.0,0.326,3879.0
425,G:HGNC:29149,G:HGNC:28110,['GMDpDMG'],4216.0,0.269,5767.0
426,G:HGNC:29149,G:HGNC:28110,"['GTG', 'GMDMG']",2100.0,0.568,4857.0
427,G:HGNC:29149,G:HGNC:28110,"['GTG', 'GMDpDMG']",4199.0,0.42,7236.0
428,G:HGNC:29149,G:HGNC:28110,"['GMDMG', 'GMDpDMG']",6161.0,0.304,8846.0
429,G:HGNC:29149,G:HGNC:28110,"['GTG', 'GMDMG', 'GMDpDMG']",5254.0,0.424,9116.0
430,G:HGNC:3386,G:HGNC:3763,['GPdPG'],24.0,0.625,64.0
431,G:HGNC:3386,G:HGNC:3763,['GTG'],71.0,0.888,636.0
432,G:HGNC:3386,G:HGNC:3763,['GMDMG'],1158.0,0.634,3168.0
433,G:HGNC:3386,G:HGNC:3763,['GMDpDMG'],256.0,0.943,4479.0
434,G:HGNC:3386,G:HGNC:3763,"['GPdPG', 'GTG']",53.0,0.83,312.0
435,G:HGNC:3386,G:HGNC:3763,"['GPdPG', 'GMDMG']",146.0,0.59,356.0
436,G:HGNC:3386,G:HGNC:3763,"['GPdPG', 'GMDpDMG']",66.0,0.806,340.0
437,G:HGNC:3386,G:HGNC:3763,"['GTG', 'GMDMG']",1761.0,0.547,3887.0
438,G:HGNC:3386,G:HGNC:3763,"['GTG', 'GMDpDMG']",1291.0,0.735,4878.0
439,G:HGNC:3386,G:HGNC:3763,"['GMDMG', 'GMDpDMG']",1008.0,0.847,6585.0
440,G:HGNC:3386,G:HGNC:3763,"['GPdPG', 'GTG', 'GMDMG']",137.0,0.663,407.0
441,G:HGNC:3386,G:HGNC:3763,"['GPdPG', 'GTG', 'GMDpDMG']",85.0,0.778,383.0
442,G:HGNC:3386,G:HGNC:3763,"['GPdPG', 'GMDMG', 'GMDpDMG']",85.0,0.783,391.0
443,G:HGNC:3386,G:HGNC:3763,"['GTG', 'GMDMG', 'GMDpDMG']",1885.0,0.713,6562.0
444,G:HGNC:3386,G:HGNC:3763,"['GPdPG', 'GTG', 'GMDMG', 'GMDpDMG']",105.0,0.729,388.0
445,G:HGNC:30040,G:HGNC:17825,['GTG'],18.0,0.958,424.0
446,G:HGNC:6524,G:HGNC:8031,['GDpDG'],98.0,0.605,248.0
447,G:HGNC:6524,G:HGNC:8031,['GDpDpDG'],227.0,0.959,5544.0
448,G:HGNC:6524,G:HGNC:8031,['GPdPG'],37.0,0.526,78.0
449,G:HGNC:6524,G:HGNC:8031,['GTG'],212.0,0.715,745.0
450,G:HGNC:6524,G:HGNC:8031,"['GDpDG', 'GDpDpDG']",228.0,0.817,1249.0
451,G:HGNC:6524,G:HGNC:8031,"['GDpDG', 'GPdPG']",17.0,0.5,34.0
452,G:HGNC:6524,G:HGNC:8031,"['GDpDG', 'GTG']",48.0,0.902,488.0
453,G:HGNC:6524,G:HGNC:8031,"['GDpDpDG', 'GPdPG']",8.0,0.949,157.0
454,G:HGNC:6524,G:HGNC:8031,"['GDpDpDG', 'GTG']",199.0,0.959,4867.0
455,G:HGNC:6524,G:HGNC:8031,"['GPdPG', 'GTG']",170.0,0.533,364.0
456,G:HGNC:6524,G:HGNC:8031,"['GDpDG', 'GDpDpDG', 'GPdPG']",8.0,0.778,36.0
457,G:HGNC:6524,G:HGNC:8031,"['GDpDG', 'GDpDpDG', 'GTG']",200.0,0.814,1078.0
458,G:HGNC:6524,G:HGNC:8031,"['GDpDG', 'GPdPG', 'GTG']",16.0,0.556,36.0
459,G:HGNC:6524,G:HGNC:8031,"['GDpDpDG', 'GPdPG', 'GTG']",8.0,0.949,157.0
460,G:HGNC:6524,G:HGNC:8031,"['GDpDG', 'GDpDpDG', 'GPdPG', 'GTG']",8.0,0.778,36.0
461,G:HGNC:9316,G:HGNC:9305,['GTG'],55.0,0.859,390.0
462,G:HGNC:9316,G:HGNC:25415,['GTG'],28.0,0.927,385.0
463,G:HGNC:15993,G:HGNC:6938,['GTG'],23.0,0.88,192.0
464,G:HGNC:15993,G:HGNC:6938,['GMG'],884.0,0.132,1019.0
465,G:HGNC:15993,G:HGNC:6938,"['GTG', 'GMG']",260.0,0.56,591.0
466,G:HGNC:886,G:HGNC:26220,['GTG'],200.0,0.636,549.0
467,G:HGNC:886,G:HGNC:26220,['GMDMG'],1896.0,0.216,2419.0
468,G:HGNC:886,G:HGNC:26220,"['GTG', 'GMDMG']",2622.0,0.137,3039.0
469,G:HGNC:12587,G:HGNC:29594,['GPdPG'],2.0,0.857,14.0
470,G:HGNC:12587,G:HGNC:29594,['GTG'],10.0,0.963,271.0
471,G:HGNC:12587,G:HGNC:29594,['GMG'],819.0,0.174,992.0
472,G:HGNC:12587,G:HGNC:29594,['GMDMG'],1527.0,0.535,3285.0
473,G:HGNC:12587,G:HGNC:29594,['GMDpDMG'],915.0,0.804,4673.0
474,G:HGNC:12587,G:HGNC:29594,"['GPdPG', 'GTG']",8.0,0.68,25.0
475,G:HGNC:12587,G:HGNC:29594,"['GPdPG', 'GMG']",4.0,0.6,10.0
476,G:HGNC:12587,G:HGNC:29594,"['GPdPG', 'GMDMG']",4.0,0.8,20.0
477,G:HGNC:12587,G:HGNC:29594,"['GPdPG', 'GMDpDMG']",2.0,0.895,19.0
478,G:HGNC:12587,G:HGNC:29594,"['GTG', 'GMG']",106.0,0.825,607.0
479,G:HGNC:12587,G:HGNC:29594,"['GTG', 'GMDMG']",1212.0,0.612,3127.0
480,G:HGNC:12587,G:HGNC:29594,"['GTG', 'GMDpDMG']",723.0,0.822,4058.0
481,G:HGNC:12587,G:HGNC:29594,"['GMG', 'GMDMG']",2150.0,0.417,3689.0
482,G:HGNC:12587,G:HGNC:29594,"['GMG', 'GMDpDMG']",1106.0,0.754,4500.0
483,G:HGNC:12587,G:HGNC:29594,"['GMDMG', 'GMDpDMG']",1981.0,0.734,7440.0
484,G:HGNC:12587,G:HGNC:29594,"['GPdPG', 'GTG', 'GMG']",4.0,0.6,10.0
485,G:HGNC:12587,G:HGNC:29594,"['GPdPG', 'GTG', 'GMDMG']",3.0,0.857,21.0
486,G:HGNC:12587,G:HGNC:29594,"['GPdPG', 'GTG', 'GMDpDMG']",2.0,0.895,19.0
487,G:HGNC:12587,G:HGNC:29594,"['GPdPG', 'GMG', 'GMDMG']",5.0,0.5,10.0
488,G:HGNC:12587,G:HGNC:29594,"['GPdPG', 'GMG', 'GMDpDMG']",3.0,0.667,9.0
489,G:HGNC:12587,G:HGNC:29594,"['GPdPG', 'GMDMG', 'GMDpDMG']",2.0,0.895,19.0
490,G:HGNC:12587,G:HGNC:29594,"['GTG', 'GMG', 'GMDMG']",1489.0,0.336,2242.0
491,G:HGNC:12587,G:HGNC:29594,"['GTG', 'GMG', 'GMDpDMG']",598.0,0.75,2392.0
492,G:HGNC:12587,G:HGNC:29594,"['GTG', 'GMDMG', 'GMDpDMG']",1267.0,0.758,5246.0
493,G:HGNC:12587,G:HGNC:29594,"['GMG', 'GMDMG', 'GMDpDMG']",1633.0,0.679,5082.0
494,G:HGNC:12587,G:HGNC:29594,"['GPdPG', 'GTG', 'GMG', 'GMDMG']",4.0,0.6,10.0
495,G:HGNC:12587,G:HGNC:29594,"['GPdPG', 'GTG', 'GMG', 'GMDpDMG']",3.0,0.667,9.0
496,G:HGNC:12587,G:HGNC:29594,"['GPdPG', 'GTG', 'GMDMG', 'GMDpDMG']",3.0,0.842,19.0
497,G:HGNC:12587,G:HGNC:29594,"['GPdPG', 'GMG', 'GMDMG', 'GMDpDMG']",2.0,0.778,9.0
498,G:HGNC:12587,G:HGNC:29594,"['GTG', 'GMG', 'GMDMG', 'GMDpDMG']",1052.0,0.587,2545.0
499,G:HGNC:12587,G:HGNC:29594,"['GPdPG', 'GTG', 'GMG', 'GMDMG', 'GMDpDMG']",2.0,0.778,9.0
500,G:HGNC:391,G:HGNC:11399,['GTG'],469.0,0.54,1019.0
501,G:HGNC:4637,G:HGNC:16906,['GPdPG'],2.0,0.882,17.0
502,G:HGNC:4637,G:HGNC:16906,['GTG'],23.0,0.941,391.0
503,G:HGNC:4637,G:HGNC:16906,['GMG'],95.0,0.755,388.0
504,G:HGNC:4637,G:HGNC:16906,"['GPdPG', 'GTG']",17.0,0.734,64.0
505,G:HGNC:4637,G:HGNC:16906,"['GPdPG', 'GMG']",5.0,0.444,9.0
506,G:HGNC:4637,G:HGNC:16906,"['GTG', 'GMG']",14.0,0.972,508.0
507,G:HGNC:4637,G:HGNC:16906,"['GPdPG', 'GTG', 'GMG']",5.0,0.375,8.0
508,G:HGNC:18485,G:HGNC:17843,['GTG'],204.0,0.519,424.0
509,G:HGNC:18485,G:HGNC:17843,['GMDMG'],2960.0,0.142,3449.0
510,G:HGNC:18485,G:HGNC:17843,"['GTG', 'GMDMG']",3741.0,0.122,4259.0
511,G:HGNC:362,G:HGNC:363,['GTG'],7.0,0.978,315.0
512,G:HGNC:362,G:HGNC:363,['GMG'],901.0,0.191,1114.0
513,G:HGNC:362,G:HGNC:363,['GMDMG'],3414.0,0.263,4631.0
514,G:HGNC:362,G:HGNC:363,['GMDpDMG'],3429.0,0.481,6612.0
515,G:HGNC:362,G:HGNC:363,"['GTG', 'GMG']",249.0,0.733,934.0
516,G:HGNC:362,G:HGNC:363,"['GTG', 'GMDMG']",1349.0,0.662,3991.0
517,G:HGNC:362,G:HGNC:363,"['GTG', 'GMDpDMG']",1658.0,0.669,5010.0
518,G:HGNC:362,G:HGNC:363,"['GMG', 'GMDMG']",4016.0,0.39,6579.0
519,G:HGNC:362,G:HGNC:363,"['GMG', 'GMDpDMG']",2945.0,0.612,7586.0
520,G:HGNC:362,G:HGNC:363,"['GMDMG', 'GMDpDMG']",5145.0,0.477,9839.0
521,G:HGNC:362,G:HGNC:363,"['GTG', 'GMG', 'GMDMG']",1275.0,0.636,3503.0
522,G:HGNC:362,G:HGNC:363,"['GTG', 'GMG', 'GMDpDMG']",1063.0,0.723,3841.0
523,G:HGNC:362,G:HGNC:363,"['GTG', 'GMDMG', 'GMDpDMG']",2405.0,0.61,6169.0
524,G:HGNC:362,G:HGNC:363,"['GMG', 'GMDMG', 'GMDpDMG']",3935.0,0.548,8705.0
525,G:HGNC:362,G:HGNC:363,"['GTG', 'GMG', 'GMDMG', 'GMDpDMG']",1470.0,0.643,4122.0
526,G:HGNC:1133,G:HGNC:3386,['GPdPG'],6.0,0.875,48.0
527,G:HGNC:1133,G:HGNC:3386,['GTG'],416.0,0.405,699.0
528,G:HGNC:1133,G:HGNC:3386,['GMDMG'],2041.0,0.364,3207.0
529,G:HGNC:1133,G:HGNC:3386,['GMDpDMG'],3400.0,0.29,4789.0
530,G:HGNC:1133,G:HGNC:3386,"['GPdPG', 'GTG']",231.0,0.355,358.0
531,G:HGNC:1133,G:HGNC:3386,"['GPdPG', 'GMDMG']",191.0,0.433,337.0
532,G:HGNC:1133,G:HGNC:3386,"['GPdPG', 'GMDpDMG']",243.0,0.306,350.0
533,G:HGNC:1133,G:HGNC:3386,"['GTG', 'GMDMG']",3250.0,0.188,4001.0
534,G:HGNC:1133,G:HGNC:3386,"['GTG', 'GMDpDMG']",4594.0,0.174,5562.0
535,G:HGNC:1133,G:HGNC:3386,"['GMDMG', 'GMDpDMG']",4899.0,0.301,7013.0
536,G:HGNC:1133,G:HGNC:3386,"['GPdPG', 'GTG', 'GMDMG']",312.0,0.208,394.0
537,G:HGNC:1133,G:HGNC:3386,"['GPdPG', 'GTG', 'GMDpDMG']",303.0,0.207,382.0
538,G:HGNC:1133,G:HGNC:3386,"['GPdPG', 'GMDMG', 'GMDpDMG']",265.0,0.306,382.0
539,G:HGNC:1133,G:HGNC:3386,"['GTG', 'GMDMG', 'GMDpDMG']",5935.0,0.189,7322.0
540,G:HGNC:1133,G:HGNC:3386,"['GPdPG', 'GTG', 'GMDMG', 'GMDpDMG']",318.0,0.18,388.0
541,G:HGNC:9302,G:HGNC:9305,['GDpDpDG'],2584.0,0.537,5577.0
542,G:HGNC:9302,G:HGNC:9305,['GTG'],21.0,0.962,553.0
543,G:HGNC:9302,G:HGNC:9305,['GMDMG'],3373.0,0.102,3758.0
544,G:HGNC:9302,G:HGNC:9305,"['GDpDpDG', 'GTG']",2308.0,0.526,4867.0
545,G:HGNC:9302,G:HGNC:9305,"['GDpDpDG', 'GMDMG']",1939.0,0.501,3887.0
546,G:HGNC:9302,G:HGNC:9305,"['GTG', 'GMDMG']",3073.0,0.306,4427.0
547,G:HGNC:9302,G:HGNC:9305,"['GDpDpDG', 'GTG', 'GMDMG']",1722.0,0.491,3386.0
548,G:HGNC:29149,G:HGNC:9304,['GTG'],48.0,0.885,418.0
549,G:HGNC:29149,G:HGNC:9304,['GMG'],846.0,0.201,1059.0
550,G:HGNC:29149,G:HGNC:9304,['GMDMG'],2457.0,0.565,5644.0
551,G:HGNC:29149,G:HGNC:9304,['GMDpDMG'],3802.0,0.471,7189.0
552,G:HGNC:29149,G:HGNC:9304,"['GTG', 'GMG']",681.0,0.462,1266.0
553,G:HGNC:29149,G:HGNC:9304,"['GTG', 'GMDMG']",1857.0,0.741,7160.0
554,G:HGNC:29149,G:HGNC:9304,"['GTG', 'GMDpDMG']",3433.0,0.644,9641.0
555,G:HGNC:29149,G:HGNC:9304,"['GMG', 'GMDMG']",2553.0,0.65,7294.0
556,G:HGNC:29149,G:HGNC:9304,"['GMG', 'GMDpDMG']",3507.0,0.587,8490.0
557,G:HGNC:29149,G:HGNC:9304,"['GMDMG', 'GMDpDMG']",4332.0,0.61,11101.0
558,G:HGNC:29149,G:HGNC:9304,"['GTG', 'GMG', 'GMDMG']",1941.0,0.714,6782.0
559,G:HGNC:29149,G:HGNC:9304,"['GTG', 'GMG', 'GMDpDMG']",2801.0,0.628,7537.0
560,G:HGNC:29149,G:HGNC:9304,"['GTG', 'GMDMG', 'GMDpDMG']",3537.0,0.686,11281.0
561,G:HGNC:29149,G:HGNC:9304,"['GMG', 'GMDMG', 'GMDpDMG']",3658.0,0.608,9338.0
562,G:HGNC:29149,G:HGNC:9304,"['GTG', 'GMG', 'GMDMG', 'GMDpDMG']",2977.0,0.631,8057.0
563,G:HGNC:28110,G:HGNC:9300,['GTG'],33.0,0.916,391.0
564,G:HGNC:28110,G:HGNC:9300,['GMDMG'],1197.0,0.618,3137.0
565,G:HGNC:28110,G:HGNC:9300,['GMDpDMG'],343.0,0.92,4289.0
566,G:HGNC:28110,G:HGNC:9300,"['GTG', 'GMDMG']",1222.0,0.67,3698.0
567,G:HGNC:28110,G:HGNC:9300,"['GTG', 'GMDpDMG']",531.0,0.882,4512.0
568,G:HGNC:28110,G:HGNC:9300,"['GMDMG', 'GMDpDMG']",1234.0,0.807,6406.0
569,G:HGNC:28110,G:HGNC:9300,"['GTG', 'GMDMG', 'GMDpDMG']",1100.0,0.824,6248.0
570,G:HGNC:7063,G:HGNC:4634,['GPdPG'],4.0,0.789,19.0
571,G:HGNC:7063,G:HGNC:4634,['GTG'],60.0,0.866,448.0
572,G:HGNC:7063,G:HGNC:4634,['GMDMG'],2131.0,0.18,2598.0
573,G:HGNC:7063,G:HGNC:4634,['GMDpDMG'],4208.0,0.102,4684.0
574,G:HGNC:7063,G:HGNC:4634,"['GPdPG', 'GTG']",32.0,0.508,65.0
575,G:HGNC:7063,G:HGNC:4634,"['GPdPG', 'GMDMG']",30.0,0.143,35.0
576,G:HGNC:7063,G:HGNC:4634,"['GPdPG', 'GMDpDMG']",30.0,0.189,37.0
577,G:HGNC:7063,G:HGNC:4634,"['GTG', 'GMDMG']",1939.0,0.316,2833.0
578,G:HGNC:7063,G:HGNC:4634,"['GTG', 'GMDpDMG']",4013.0,0.2,5015.0
579,G:HGNC:7063,G:HGNC:4634,"['GMDMG', 'GMDpDMG']",6118.0,0.059,6503.0
580,G:HGNC:7063,G:HGNC:4634,"['GPdPG', 'GTG', 'GMDMG']",28.0,0.222,36.0
581,G:HGNC:7063,G:HGNC:4634,"['GPdPG', 'GTG', 'GMDpDMG']",31.0,0.184,38.0
582,G:HGNC:7063,G:HGNC:4634,"['GPdPG', 'GMDMG', 'GMDpDMG']",37.0,0.051,39.0
583,G:HGNC:7063,G:HGNC:4634,"['GTG', 'GMDMG', 'GMDpDMG']",5404.0,0.151,6367.0
584,G:HGNC:7063,G:HGNC:4634,"['GPdPG', 'GTG', 'GMDMG', 'GMDpDMG']",33.0,0.132,38.0
585,G:HGNC:3391,G:HGNC:6524,['GPdPG'],27.0,0.526,57.0
586,G:HGNC:3391,G:HGNC:6524,['GTG'],228.0,0.605,577.0
587,G:HGNC:3391,G:HGNC:6524,"['GPdPG', 'GTG']",172.0,0.432,303.0
588,G:HGNC:4637,G:HGNC:7063,['GPdPG'],1.0,0.917,12.0
589,G:HGNC:4637,G:HGNC:7063,['GTG'],69.0,0.831,408.0
590,G:HGNC:4637,G:HGNC:7063,"['GPdPG', 'GTG']",31.0,0.492,61.0
591,G:HGNC:21423,G:HGNC:10821,['GTG'],47.0,0.886,412.0
592,G:HGNC:9184,G:HGNC:2255,['GMDMG'],784.0,0.676,2421.0
593,G:HGNC:9184,G:HGNC:2255,['GMDpDMG'],485.0,0.881,4081.0
594,G:HGNC:9184,G:HGNC:2255,"['GMDMG', 'GMDpDMG']",1159.0,0.791,5544.0
595,G:HGNC:16713,G:HGNC:11745,['GTG'],394.0,0.355,611.0
596,G:HGNC:16713,G:HGNC:11745,['GMG'],540.0,0.344,823.0
597,G:HGNC:16713,G:HGNC:11745,['GMDMG'],1764.0,0.534,3788.0
598,G:HGNC:16713,G:HGNC:11745,['GMDpDMG'],2333.0,0.578,5528.0
599,G:HGNC:16713,G:HGNC:11745,"['GTG', 'GMG']",790.0,0.319,1160.0
600,G:HGNC:16713,G:HGNC:11745,"['GTG', 'GMDMG']",2245.0,0.545,4933.0
601,G:HGNC:16713,G:HGNC:11745,"['GTG', 'GMDpDMG']",2714.0,0.59,6625.0
602,G:HGNC:16713,G:HGNC:11745,"['GMG', 'GMDMG']",2242.0,0.523,4696.0
603,G:HGNC:16713,G:HGNC:11745,"['GMG', 'GMDpDMG']",2193.0,0.583,5253.0
604,G:HGNC:16713,G:HGNC:11745,"['GMDMG', 'GMDpDMG']",3060.0,0.629,8255.0
605,G:HGNC:16713,G:HGNC:11745,"['GTG', 'GMG', 'GMDMG']",2247.0,0.495,4446.0
606,G:HGNC:16713,G:HGNC:11745,"['GTG', 'GMG', 'GMDpDMG']",1910.0,0.602,4795.0
607,G:HGNC:16713,G:HGNC:11745,"['GTG', 'GMDMG', 'GMDpDMG']",2928.0,0.658,8552.0
608,G:HGNC:16713,G:HGNC:11745,"['GMG', 'GMDMG', 'GMDpDMG']",2373.0,0.612,6121.0
609,G:HGNC:16713,G:HGNC:11745,"['GTG', 'GMG', 'GMDMG', 'GMDpDMG']",2063.0,0.622,5454.0
610,G:HGNC:15714,G:HGNC:29091,['GTG'],188.0,0.577,444.0
611,G:HGNC:15714,G:HGNC:29091,['GMDMG'],1074.0,0.566,2476.0
612,G:HGNC:15714,G:HGNC:29091,"['GTG', 'GMDMG']",1780.0,0.342,2707.0
613,G:HGNC:21017,G:HGNC:4566,['GTG'],416.0,0.321,613.0
614,G:HGNC:21017,G:HGNC:4566,['GMDMG'],2922.0,0.231,3800.0
615,G:HGNC:21017,G:HGNC:4566,['GMDpDMG'],4673.0,0.13,5372.0
616,G:HGNC:21017,G:HGNC:4566,"['GTG', 'GMDMG']",3917.0,0.211,4963.0
617,G:HGNC:21017,G:HGNC:4566,"['GTG', 'GMDpDMG']",5834.0,0.096,6454.0
618,G:HGNC:21017,G:HGNC:4566,"['GMDMG', 'GMDpDMG']",6689.0,0.154,7908.0
619,G:HGNC:21017,G:HGNC:4566,"['GTG', 'GMDMG', 'GMDpDMG']",7182.0,0.121,8174.0
620,G:HGNC:26094,G:HGNC:2064,['GMDMG'],591.0,0.741,2286.0
621,G:HGNC:26094,G:HGNC:2064,['GMDpDMG'],944.0,0.762,3961.0
622,G:HGNC:26094,G:HGNC:2064,"['GMDMG', 'GMDpDMG']",1596.0,0.71,5511.0
623,G:HGNC:9107,G:HGNC:34390,['GMDMG'],2238.0,0.328,3330.0
624,G:HGNC:9107,G:HGNC:34390,['GMDpDMG'],2830.0,0.407,4775.0
625,G:HGNC:9107,G:HGNC:34390,"['GMDMG', 'GMDpDMG']",5050.0,0.355,7825.0
626,G:HGNC:17197,G:HGNC:3036,['GMG'],1059.0,0.09,1164.0
627,G:HGNC:17197,G:HGNC:3036,['GMDMG'],2765.0,0.393,4552.0
628,G:HGNC:17197,G:HGNC:3036,['GMDpDMG'],2997.0,0.551,6668.0
629,G:HGNC:17197,G:HGNC:3036,"['GMG', 'GMDMG']",3196.0,0.427,5579.0
630,G:HGNC:17197,G:HGNC:3036,"['GMG', 'GMDpDMG']",2531.0,0.619,6650.0
631,G:HGNC:17197,G:HGNC:3036,"['GMDMG', 'GMDpDMG']",3998.0,0.623,10595.0
632,G:HGNC:17197,G:HGNC:3036,"['GMG', 'GMDMG', 'GMDpDMG']",3032.0,0.588,7352.0
633,G:HGNC:18755,G:HGNC:861,['GMDMG'],1366.0,0.501,2736.0
634,G:HGNC:28203,G:HGNC:3299,['GMG'],1098.0,0.204,1380.0
635,G:HGNC:28203,G:HGNC:3299,['GMDMG'],3538.0,0.199,4419.0
636,G:HGNC:28203,G:HGNC:3299,['GMDpDMG'],4720.0,0.203,5924.0
637,G:HGNC:28203,G:HGNC:3299,"['GMG', 'GMDMG']",4478.0,0.232,5833.0
638,G:HGNC:28203,G:HGNC:3299,"['GMG', 'GMDpDMG']",5156.0,0.24,6785.0
639,G:HGNC:28203,G:HGNC:3299,"['GMDMG', 'GMDpDMG']",7077.0,0.2,8848.0
640,G:HGNC:28203,G:HGNC:3299,"['GMG', 'GMDMG', 'GMDpDMG']",5819.0,0.243,7684.0
641,G:HGNC:28323,G:HGNC:12771,['GMDMG'],1040.0,0.728,3821.0
642,G:HGNC:28323,G:HGNC:12771,['GMDpDMG'],2162.0,0.576,5099.0
643,G:HGNC:28323,G:HGNC:12771,"['GMDMG', 'GMDpDMG']",2333.0,0.705,7897.0
644,G:HGNC:17720,G:HGNC:20990,['GTG'],123.0,0.57,286.0
645,G:HGNC:25076,G:HGNC:12659,['GMG'],522.0,0.528,1106.0
646,G:HGNC:25076,G:HGNC:12659,['GMDMG'],2716.0,0.344,4138.0
647,G:HGNC:25076,G:HGNC:12659,['GMDpDMG'],3890.0,0.269,5320.0
648,G:HGNC:25076,G:HGNC:12659,"['GMG', 'GMDMG']",3188.0,0.409,5397.0
649,G:HGNC:25076,G:HGNC:12659,"['GMG', 'GMDpDMG']",4001.0,0.313,5820.0
650,G:HGNC:25076,G:HGNC:12659,"['GMDMG', 'GMDpDMG']",5888.0,0.331,8800.0
651,G:HGNC:25076,G:HGNC:12659,"['GMG', 'GMDMG', 'GMDpDMG']",4209.0,0.36,6577.0
652,G:HGNC:7657,G:HGNC:6358,['GMDMG'],2076.0,0.211,2632.0
653,G:HGNC:11210,G:HGNC:13077,['GMDpDMG'],2576.0,0.275,3555.0
654,G:HGNC:15436,G:HGNC:24972,['GTG'],179.0,0.568,414.0
655,G:HGNC:8490,G:HGNC:32233,['GMG'],935.0,0.098,1037.0
656,G:HGNC:8490,G:HGNC:32233,['GMDMG'],3044.0,0.169,3664.0
657,G:HGNC:8490,G:HGNC:32233,"['GMG', 'GMDMG']",4162.0,0.077,4511.0
658,G:HGNC:26007,G:HGNC:1421,['GMDMG'],2427.0,0.117,2750.0
659,G:HGNC:26007,G:HGNC:1421,['GMDpDMG'],3244.0,0.087,3554.0
660,G:HGNC:26007,G:HGNC:1421,"['GMDMG', 'GMDpDMG']",5610.0,0.052,5918.0
661,G:HGNC:28379,G:HGNC:24031,['GMDMG'],2116.0,0.31,3067.0
662,G:HGNC:28379,G:HGNC:24031,['GMDpDMG'],224.0,0.942,3860.0
663,G:HGNC:28379,G:HGNC:24031,"['GMDMG', 'GMDpDMG']",2190.0,0.63,5915.0
664,G:HGNC:11726,G:HGNC:7690,['GMG'],288.0,0.546,634.0
665,G:HGNC:11726,G:HGNC:7690,['GMDMG'],1992.0,0.338,3011.0
666,G:HGNC:11726,G:HGNC:7690,"['GMG', 'GMDMG']",2372.0,0.187,2916.0
667,G:HGNC:3121,G:HGNC:1043,['GTG'],458.0,0.181,559.0
668,G:HGNC:3439,G:HGNC:28226,['GTG'],77.0,0.839,479.0
669,G:HGNC:3439,G:HGNC:28226,['GMG'],769.0,0.168,924.0
670,G:HGNC:3439,G:HGNC:28226,['GMDMG'],1997.0,0.409,3381.0
671,G:HGNC:3439,G:HGNC:28226,['GMDpDMG'],3199.0,0.366,5042.0
672,G:HGNC:3439,G:HGNC:28226,"['GTG', 'GMG']",587.0,0.454,1076.0
673,G:HGNC:3439,G:HGNC:28226,"['GTG', 'GMDMG']",2093.0,0.46,3875.0
674,G:HGNC:3439,G:HGNC:28226,"['GTG', 'GMDpDMG']",3549.0,0.379,5718.0
675,G:HGNC:3439,G:HGNC:28226,"['GMG', 'GMDMG']",2530.0,0.277,3498.0
676,G:HGNC:3439,G:HGNC:28226,"['GMG', 'GMDpDMG']",2910.0,0.3,4155.0
677,G:HGNC:3439,G:HGNC:28226,"['GMDMG', 'GMDpDMG']",4784.0,0.352,7384.0
678,G:HGNC:3439,G:HGNC:28226,"['GTG', 'GMG', 'GMDMG']",2058.0,0.367,3253.0
679,G:HGNC:3439,G:HGNC:28226,"['GTG', 'GMG', 'GMDpDMG']",2329.0,0.361,3647.0
680,G:HGNC:3439,G:HGNC:28226,"['GTG', 'GMDMG', 'GMDpDMG']",4287.0,0.402,7171.0
681,G:HGNC:3439,G:HGNC:28226,"['GMG', 'GMDMG', 'GMDpDMG']",3295.0,0.315,4810.0
682,G:HGNC:3439,G:HGNC:28226,"['GTG', 'GMG', 'GMDMG', 'GMDpDMG']",2516.0,0.377,4040.0
683,G:HGNC:25395,G:HGNC:24537,['GTG'],374.0,0.229,485.0
684,G:HGNC:25395,G:HGNC:24537,['GMDMG'],2906.0,0.281,4040.0
685,G:HGNC:25395,G:HGNC:24537,['GMDpDMG'],4714.0,0.143,5503.0
686,G:HGNC:25395,G:HGNC:24537,"['GTG', 'GMDMG']",3291.0,0.257,4430.0
687,G:HGNC:25395,G:HGNC:24537,"['GTG', 'GMDpDMG']",5159.0,0.078,5595.0
688,G:HGNC:25395,G:HGNC:24537,"['GMDMG', 'GMDpDMG']",6900.0,0.188,8495.0
689,G:HGNC:25395,G:HGNC:24537,"['GTG', 'GMDMG', 'GMDpDMG']",5851.0,0.141,6812.0
690,G:HGNC:13176,G:HGNC:441,['GTG'],339.0,0.354,525.0
691,G:HGNC:30511,G:HGNC:24867,['GTG'],93.0,0.71,321.0
692,G:HGNC:30511,G:HGNC:24867,['GMDMG'],1091.0,0.649,3112.0
693,G:HGNC:30511,G:HGNC:24867,['GMDpDMG'],1982.0,0.638,5479.0
694,G:HGNC:30511,G:HGNC:24867,"['GTG', 'GMDMG']",1217.0,0.665,3633.0
695,G:HGNC:30511,G:HGNC:24867,"['GTG', 'GMDpDMG']",1745.0,0.707,5947.0
696,G:HGNC:30511,G:HGNC:24867,"['GMDMG', 'GMDpDMG']",2561.0,0.677,7920.0
697,G:HGNC:30511,G:HGNC:24867,"['GTG', 'GMDMG', 'GMDpDMG']",1942.0,0.738,7409.0
698,G:HGNC:23200,G:HGNC:19985,['GTG'],53.0,0.873,418.0
699,G:HGNC:23200,G:HGNC:19985,['GMDMG'],3014.0,0.335,4534.0
700,G:HGNC:23200,G:HGNC:19985,['GMDpDMG'],5385.0,0.153,6358.0
701,G:HGNC:23200,G:HGNC:19985,"['GTG', 'GMDMG']",2546.0,0.551,5674.0
702,G:HGNC:23200,G:HGNC:19985,"['GTG', 'GMDpDMG']",5517.0,0.298,7863.0
703,G:HGNC:23200,G:HGNC:19985,"['GMDMG', 'GMDpDMG']",7225.0,0.256,9706.0
704,G:HGNC:23200,G:HGNC:19985,"['GTG', 'GMDMG', 'GMDpDMG']",6255.0,0.355,9705.0
705,G:HGNC:5733,G:HGNC:29208,['GTG'],206.0,0.443,370.0
706,G:HGNC:26300,G:HGNC:4739,['GTG'],340.0,0.313,495.0
707,G:HGNC:26300,G:HGNC:4739,['GMDMG'],3740.0,0.186,4592.0
708,G:HGNC:26300,G:HGNC:4739,['GMDpDMG'],3674.0,0.173,4440.0
709,G:HGNC:26300,G:HGNC:4739,"['GTG', 'GMDMG']",4663.0,0.172,5634.0
710,G:HGNC:26300,G:HGNC:4739,"['GTG', 'GMDpDMG']",4094.0,0.316,5985.0
711,G:HGNC:26300,G:HGNC:4739,"['GMDMG', 'GMDpDMG']",6006.0,0.169,7231.0
712,G:HGNC:26300,G:HGNC:4739,"['GTG', 'GMDMG', 'GMDpDMG']",5686.0,0.206,7159.0
713,G:HGNC:25542,G:HGNC:5962,['GMG'],972.0,0.129,1116.0
714,G:HGNC:25542,G:HGNC:5962,['GMDMG'],3299.0,0.183,4038.0
715,G:HGNC:25542,G:HGNC:5962,['GMDpDMG'],4856.0,0.169,5843.0
716,G:HGNC:25542,G:HGNC:5962,"['GMG', 'GMDMG']",4257.0,0.11,4785.0
717,G:HGNC:25542,G:HGNC:5962,"['GMG', 'GMDpDMG']",4798.0,0.137,5560.0
718,G:HGNC:25542,G:HGNC:5962,"['GMDMG', 'GMDpDMG']",6640.0,0.183,8128.0
719,G:HGNC:25542,G:HGNC:5962,"['GMG', 'GMDMG', 'GMDpDMG']",5237.0,0.123,5973.0
720,G:HGNC:24061,G:HGNC:24114,['GTG'],99.0,0.712,344.0
721,G:HGNC:11646,G:HGNC:12868,['GTG'],84.0,0.806,433.0
722,G:HGNC:11646,G:HGNC:12868,['GMG'],22.0,0.933,327.0
723,G:HGNC:11646,G:HGNC:12868,['GMDMG'],134.0,0.955,2997.0
724,G:HGNC:11646,G:HGNC:12868,['GMDpDMG'],4298.0,0.025,4409.0
725,G:HGNC:11646,G:HGNC:12868,"['GTG', 'GMG']",32.0,0.937,506.0
726,G:HGNC:11646,G:HGNC:12868,"['GTG', 'GMDMG']",256.0,0.906,2723.0
727,G:HGNC:11646,G:HGNC:12868,"['GTG', 'GMDpDMG']",3222.0,0.142,3755.0
728,G:HGNC:11646,G:HGNC:12868,"['GMG', 'GMDMG']",145.0,0.939,2365.0
729,G:HGNC:11646,G:HGNC:12868,"['GMG', 'GMDpDMG']",2257.0,0.09,2480.0
730,G:HGNC:11646,G:HGNC:12868,"['GMDMG', 'GMDpDMG']",3273.0,0.488,6388.0
731,G:HGNC:11646,G:HGNC:12868,"['GTG', 'GMG', 'GMDMG']",149.0,0.914,1728.0
732,G:HGNC:11646,G:HGNC:12868,"['GTG', 'GMG', 'GMDpDMG']",1245.0,0.285,1741.0
733,G:HGNC:11646,G:HGNC:12868,"['GTG', 'GMDMG', 'GMDpDMG']",2446.0,0.486,4761.0
734,G:HGNC:11646,G:HGNC:12868,"['GMG', 'GMDMG', 'GMDpDMG']",1245.0,0.599,3106.0
735,G:HGNC:11646,G:HGNC:12868,"['GTG', 'GMG', 'GMDMG', 'GMDpDMG']",735.0,0.625,1959.0
736,G:HGNC:3145,G:HGNC:15880,['GTG'],157.0,0.527,332.0
737,G:HGNC:4789,G:HGNC:31022,['GTG'],90.0,0.817,491.0
738,G:HGNC:18703,G:HGNC:27904,['GMDMG'],1875.0,0.391,3079.0
739,G:HGNC:18703,G:HGNC:27904,['GMDpDMG'],4155.0,0.273,5716.0
740,G:HGNC:18703,G:HGNC:27904,"['GMDMG', 'GMDpDMG']",6085.0,0.28,8451.0
741,G:HGNC:3942,G:HGNC:2237,['GTG'],576.0,0.353,890.0
742,G:HGNC:37265,G:HGNC:9192,['GTG'],201.0,0.593,494.0
743,G:HGNC:23687,G:HGNC:24928,['GMDMG'],1661.0,0.634,4536.0
744,G:HGNC:23687,G:HGNC:24928,['GMDpDMG'],3788.0,0.379,6096.0
745,G:HGNC:23687,G:HGNC:24928,"['GMDMG', 'GMDpDMG']",4079.0,0.573,9548.0
746,G:HGNC:7857,G:HGNC:26714,['GTG'],83.0,0.736,314.0
747,G:HGNC:7857,G:HGNC:26714,['GMDMG'],1215.0,0.507,2464.0
748,G:HGNC:7857,G:HGNC:26714,"['GTG', 'GMDMG']",1611.0,0.371,2563.0
749,G:HGNC:5414,G:HGNC:9237,['GTG'],714.0,0.075,772.0
750,G:HGNC:10596,G:HGNC:1708,['GTG'],79.0,0.783,364.0
751,G:HGNC:11571,G:HGNC:10961,['GDpDpDG'],4007.0,0.202,5020.0
752,G:HGNC:11571,G:HGNC:10961,['GMG'],689.0,0.163,823.0
753,G:HGNC:11571,G:HGNC:10961,['GMDMG'],714.0,0.723,2577.0
754,G:HGNC:11571,G:HGNC:10961,['GMDpDMG'],2833.0,0.364,4453.0
755,G:HGNC:11571,G:HGNC:10961,"['GDpDpDG', 'GMG']",1302.0,0.145,1523.0
756,G:HGNC:11571,G:HGNC:10961,"['GDpDpDG', 'GMDMG']",2862.0,0.183,3503.0
757,G:HGNC:11571,G:HGNC:10961,"['GDpDpDG', 'GMDpDMG']",2756.0,0.151,3245.0
758,G:HGNC:11571,G:HGNC:10961,"['GMG', 'GMDMG']",2020.0,0.238,2651.0
759,G:HGNC:11571,G:HGNC:10961,"['GMG', 'GMDpDMG']",3501.0,0.132,4035.0
760,G:HGNC:11571,G:HGNC:10961,"['GMDMG', 'GMDpDMG']",3512.0,0.442,6296.0
761,G:HGNC:11571,G:HGNC:10961,"['GDpDpDG', 'GMG', 'GMDMG']",1228.0,0.11,1380.0
762,G:HGNC:11571,G:HGNC:10961,"['GDpDpDG', 'GMG', 'GMDpDMG']",1158.0,0.078,1256.0
763,G:HGNC:11571,G:HGNC:10961,"['GDpDpDG', 'GMDMG', 'GMDpDMG']",2679.0,0.167,3215.0
764,G:HGNC:11571,G:HGNC:10961,"['GMG', 'GMDMG', 'GMDpDMG']",3728.0,0.182,4559.0
765,G:HGNC:11571,G:HGNC:10961,"['GDpDpDG', 'GMG', 'GMDMG', 'GMDpDMG']",1138.0,0.089,1249.0
766,G:HGNC:24451,G:HGNC:11193,['GTG'],163.0,0.642,455.0
767,G:HGNC:10610,G:HGNC:13068,['GTG'],466.0,0.18,568.0
768,G:HGNC:1711,G:HGNC:6697,['GTG'],305.0,0.426,531.0
769,G:HGNC:9240,G:HGNC:19141,['GTG'],305.0,0.432,537.0
770,G:HGNC:15906,G:HGNC:26076,['GMDMG'],1484.0,0.355,2299.0
771,G:HGNC:15283,G:HGNC:23822,['GTG'],45.0,0.825,257.0
772,G:HGNC:14955,G:HGNC:7188,['GTG'],113.0,0.767,485.0
773,G:HGNC:20060,G:HGNC:12958,['GTG'],53.0,0.824,301.0
774,G:HGNC:20060,G:HGNC:12958,['GMG'],889.0,0.159,1057.0
775,G:HGNC:20060,G:HGNC:12958,['GMDMG'],1465.0,0.628,3937.0
776,G:HGNC:20060,G:HGNC:12958,['GMDpDMG'],1798.0,0.714,6296.0
777,G:HGNC:20060,G:HGNC:12958,"['GTG', 'GMG']",615.0,0.288,864.0
778,G:HGNC:20060,G:HGNC:12958,"['GTG', 'GMDMG']",664.0,0.814,3572.0
779,G:HGNC:20060,G:HGNC:12958,"['GTG', 'GMDpDMG']",719.0,0.858,5070.0
780,G:HGNC:20060,G:HGNC:12958,"['GMG', 'GMDMG']",1897.0,0.565,4365.0
781,G:HGNC:20060,G:HGNC:12958,"['GMG', 'GMDpDMG']",1039.0,0.806,5360.0
782,G:HGNC:20060,G:HGNC:12958,"['GMDMG', 'GMDpDMG']",2082.0,0.783,9579.0
783,G:HGNC:20060,G:HGNC:12958,"['GTG', 'GMG', 'GMDMG']",884.0,0.654,2556.0
784,G:HGNC:20060,G:HGNC:12958,"['GTG', 'GMG', 'GMDpDMG']",358.0,0.874,2848.0
785,G:HGNC:20060,G:HGNC:12958,"['GTG', 'GMDMG', 'GMDpDMG']",738.0,0.878,6046.0
786,G:HGNC:20060,G:HGNC:12958,"['GMG', 'GMDMG', 'GMDpDMG']",1280.0,0.785,5966.0
787,G:HGNC:20060,G:HGNC:12958,"['GTG', 'GMG', 'GMDMG', 'GMDpDMG']",490.0,0.834,2950.0
788,G:HGNC:604,G:HGNC:17173,['GTG'],220.0,0.541,479.0
789,G:HGNC:9612,G:HGNC:23924,['GTG'],654.0,0.171,789.0
790,G:HGNC:24250,G:HGNC:5270,['GTG'],106.0,0.793,511.0
791,G:HGNC:24250,G:HGNC:5270,['GMG'],33.0,0.918,402.0
792,G:HGNC:24250,G:HGNC:5270,['GMDMG'],1950.0,0.516,4026.0
793,G:HGNC:24250,G:HGNC:5270,['GMDpDMG'],902.0,0.844,5790.0
794,G:HGNC:24250,G:HGNC:5270,"['GTG', 'GMG']",72.0,0.908,780.0
795,G:HGNC:24250,G:HGNC:5270,"['GTG', 'GMDMG']",1934.0,0.633,5273.0
796,G:HGNC:24250,G:HGNC:5270,"['GTG', 'GMDpDMG']",911.0,0.873,7167.0
797,G:HGNC:24250,G:HGNC:5270,"['GMG', 'GMDMG']",1213.0,0.723,4378.0
798,G:HGNC:24250,G:HGNC:5270,"['GMG', 'GMDpDMG']",173.0,0.966,5162.0
799,G:HGNC:24250,G:HGNC:5270,"['GMDMG', 'GMDpDMG']",1523.0,0.829,8925.0
800,G:HGNC:24250,G:HGNC:5270,"['GTG', 'GMG', 'GMDMG']",1170.0,0.719,4171.0
801,G:HGNC:24250,G:HGNC:5270,"['GTG', 'GMG', 'GMDpDMG']",147.0,0.969,4788.0
802,G:HGNC:24250,G:HGNC:5270,"['GTG', 'GMDMG', 'GMDpDMG']",1293.0,0.86,9228.0
803,G:HGNC:24250,G:HGNC:5270,"['GMG', 'GMDMG', 'GMDpDMG']",454.0,0.926,6098.0
804,G:HGNC:24250,G:HGNC:5270,"['GTG', 'GMG', 'GMDMG', 'GMDpDMG']",400.0,0.924,5292.0
805,G:HGNC:3559,G:HGNC:1317,['GTG'],134.0,0.719,477.0
806,G:HGNC:3559,G:HGNC:1317,['GMDMG'],603.0,0.726,2200.0
807,G:HGNC:3559,G:HGNC:1317,"['GTG', 'GMDMG']",970.0,0.607,2466.0
808,G:HGNC:6518,G:HGNC:11052,['GTG'],248.0,0.418,426.0
809,G:HGNC:6518,G:HGNC:11052,['GMG'],370.0,0.565,850.0
810,G:HGNC:6518,G:HGNC:11052,['GMDMG'],4001.0,0.231,5206.0
811,G:HGNC:6518,G:HGNC:11052,['GMDpDMG'],4549.0,0.209,5752.0
812,G:HGNC:6518,G:HGNC:11052,"['GTG', 'GMG']",519.0,0.496,1030.0
813,G:HGNC:6518,G:HGNC:11052,"['GTG', 'GMDMG']",3729.0,0.429,6525.0
814,G:HGNC:6518,G:HGNC:11052,"['GTG', 'GMDpDMG']",5643.0,0.187,6939.0
815,G:HGNC:6518,G:HGNC:11052,"['GMG', 'GMDMG']",3786.0,0.421,6540.0
816,G:HGNC:6518,G:HGNC:11052,"['GMG', 'GMDpDMG']",4999.0,0.235,6537.0
817,G:HGNC:6518,G:HGNC:11052,"['GMDMG', 'GMDpDMG']",6919.0,0.235,9043.0
818,G:HGNC:6518,G:HGNC:11052,"['GTG', 'GMG', 'GMDMG']",3195.0,0.429,5599.0
819,G:HGNC:6518,G:HGNC:11052,"['GTG', 'GMG', 'GMDpDMG']",4501.0,0.191,5565.0
820,G:HGNC:6518,G:HGNC:11052,"['GTG', 'GMDMG', 'GMDpDMG']",6027.0,0.297,8578.0
821,G:HGNC:6518,G:HGNC:11052,"['GMG', 'GMDMG', 'GMDpDMG']",5493.0,0.284,7670.0
822,G:HGNC:6518,G:HGNC:11052,"['GTG', 'GMG', 'GMDMG', 'GMDpDMG']",4407.0,0.262,5970.0
823,G:HGNC:602,G:HGNC:24891,['GTG'],411.0,0.346,628.0
824,G:HGNC:13922,G:HGNC:19354,['GTG'],165.0,0.595,407.0
825,G:HGNC:2606,G:HGNC:8624,['GMDMG'],477.0,0.811,2518.0
826,G:HGNC:2606,G:HGNC:8624,['GMDpDMG'],1.0,1.0,2512.0
827,G:HGNC:2606,G:HGNC:8624,"['GMDMG', 'GMDpDMG']",50.0,0.99,5258.0
828,G:HGNC:2252,G:HGNC:12680,['GTG'],514.0,0.473,976.0
829,G:HGNC:2252,G:HGNC:12680,['GMDMG'],4988.0,0.08,5419.0
830,G:HGNC:2252,G:HGNC:12680,['GMDpDMG'],5779.0,0.134,6673.0
831,G:HGNC:2252,G:HGNC:12680,"['GTG', 'GMDMG']",5700.0,0.234,7438.0
832,G:HGNC:2252,G:HGNC:12680,"['GTG', 'GMDpDMG']",6471.0,0.304,9296.0
833,G:HGNC:2252,G:HGNC:12680,"['GMDMG', 'GMDpDMG']",8127.0,0.155,9617.0
834,G:HGNC:2252,G:HGNC:12680,"['GTG', 'GMDMG', 'GMDpDMG']",8074.0,0.249,10755.0
835,G:HGNC:3430,G:HGNC:13054,['GTG'],526.0,0.235,688.0
836,G:HGNC:3430,G:HGNC:13054,['GMDMG'],3796.0,0.086,4155.0
837,G:HGNC:3430,G:HGNC:13054,"['GTG', 'GMDMG']",5477.0,0.06,5825.0
838,G:HGNC:14872,G:HGNC:12458,['GTG'],649.0,0.073,700.0
839,G:HGNC:14872,G:HGNC:12458,['GMDMG'],2289.0,0.336,3446.0
840,G:HGNC:14872,G:HGNC:12458,['GMDpDMG'],3724.0,0.16,4431.0
841,G:HGNC:14872,G:HGNC:12458,"['GTG', 'GMDMG']",2954.0,0.184,3622.0
842,G:HGNC:14872,G:HGNC:12458,"['GTG', 'GMDpDMG']",3950.0,0.15,4649.0
843,G:HGNC:14872,G:HGNC:12458,"['GMDMG', 'GMDpDMG']",5808.0,0.205,7310.0
844,G:HGNC:14872,G:HGNC:12458,"['GTG', 'GMDMG', 'GMDpDMG']",4858.0,0.189,5993.0
845,G:HGNC:21496,G:HGNC:15986,['GTG'],206.0,0.556,464.0
846,G:HGNC:21496,G:HGNC:15986,['GMG'],112.0,0.755,457.0
847,G:HGNC:21496,G:HGNC:15986,['GMDMG'],810.0,0.754,3295.0
848,G:HGNC:21496,G:HGNC:15986,['GMDpDMG'],2925.0,0.421,5048.0
849,G:HGNC:21496,G:HGNC:15986,"['GTG', 'GMG']",246.0,0.664,732.0
850,G:HGNC:21496,G:HGNC:15986,"['GTG', 'GMDMG']",1597.0,0.578,3781.0
851,G:HGNC:21496,G:HGNC:15986,"['GTG', 'GMDpDMG']",3572.0,0.333,5358.0
852,G:HGNC:21496,G:HGNC:15986,"['GMG', 'GMDMG']",687.0,0.794,3338.0
853,G:HGNC:21496,G:HGNC:15986,"['GMG', 'GMDpDMG']",2257.0,0.421,3895.0
854,G:HGNC:21496,G:HGNC:15986,"['GMDMG', 'GMDpDMG']",3320.0,0.533,7110.0
855,G:HGNC:21496,G:HGNC:15986,"['GTG', 'GMG', 'GMDMG']",1142.0,0.646,3222.0
856,G:HGNC:21496,G:HGNC:15986,"['GTG', 'GMG', 'GMDpDMG']",2326.0,0.357,3615.0
857,G:HGNC:21496,G:HGNC:15986,"['GTG', 'GMDMG', 'GMDpDMG']",3503.0,0.475,6671.0
858,G:HGNC:21496,G:HGNC:15986,"['GMG', 'GMDMG', 'GMDpDMG']",2144.0,0.54,4656.0
859,G:HGNC:21496,G:HGNC:15986,"['GTG', 'GMG', 'GMDMG', 'GMDpDMG']",2147.0,0.471,4055.0
860,G:HGNC:29548,G:HGNC:29436,['GTG'],75.0,0.816,408.0
861,G:HGNC:29548,G:HGNC:29436,['GMDMG'],1485.0,0.359,2316.0
862,G:HGNC:29548,G:HGNC:29436,"['GTG', 'GMDMG']",1473.0,0.43,2582.0
863,G:HGNC:23074,G:HGNC:10642,['GMDMG'],2602.0,0.337,3924.0
864,G:HGNC:23074,G:HGNC:10642,['GMDpDMG'],4934.0,0.169,5938.0
865,G:HGNC:23074,G:HGNC:10642,"['GMDMG', 'GMDpDMG']",7091.0,0.225,9152.0
866,G:HGNC:9848,G:HGNC:17125,['GTG'],396.0,0.265,539.0
867,G:HGNC:943,G:HGNC:4161,['GTG'],186.0,0.636,511.0
868,G:HGNC:17592,G:HGNC:8767,['GMDMG'],2211.0,0.215,2818.0
869,G:HGNC:17055,G:HGNC:17565,['GMG'],345.0,0.773,1519.0
870,G:HGNC:17055,G:HGNC:17565,['GMDMG'],717.0,0.87,5512.0
871,G:HGNC:17055,G:HGNC:17565,['GMDpDMG'],1913.0,0.729,7060.0
872,G:HGNC:17055,G:HGNC:17565,"['GMG', 'GMDMG']",960.0,0.882,8145.0
873,G:HGNC:17055,G:HGNC:17565,"['GMG', 'GMDpDMG']",1615.0,0.819,8922.0
874,G:HGNC:17055,G:HGNC:17565,"['GMDMG', 'GMDpDMG']",1509.0,0.863,11045.0
875,G:HGNC:17055,G:HGNC:17565,"['GMG', 'GMDMG', 'GMDpDMG']",1325.0,0.87,10174.0
876,G:HGNC:9954,G:HGNC:17376,['GTG'],402.0,0.278,557.0
877,G:HGNC:9954,G:HGNC:17376,['GMDMG'],4017.0,0.281,5584.0
878,G:HGNC:9954,G:HGNC:17376,['GMDpDMG'],3556.0,0.494,7023.0
879,G:HGNC:9954,G:HGNC:17376,"['GTG', 'GMDMG']",3726.0,0.501,7463.0
880,G:HGNC:9954,G:HGNC:17376,"['GTG', 'GMDpDMG']",3087.0,0.659,9055.0
881,G:HGNC:9954,G:HGNC:17376,"['GMDMG', 'GMDpDMG']",5361.0,0.503,10793.0
882,G:HGNC:9954,G:HGNC:17376,"['GTG', 'GMDMG', 'GMDpDMG']",4274.0,0.607,10886.0
883,G:HGNC:26969,G:HGNC:16085,['GMG'],562.0,0.32,827.0
884,G:HGNC:26969,G:HGNC:16085,['GMDMG'],1741.0,0.721,6229.0
885,G:HGNC:26969,G:HGNC:16085,['GMDpDMG'],2845.0,0.61,7293.0
886,G:HGNC:26969,G:HGNC:16085,"['GMG', 'GMDMG']",1266.0,0.824,7203.0
887,G:HGNC:26969,G:HGNC:16085,"['GMG', 'GMDpDMG']",2241.0,0.702,7518.0
888,G:HGNC:26969,G:HGNC:16085,"['GMDMG', 'GMDpDMG']",2792.0,0.748,11064.0
889,G:HGNC:26969,G:HGNC:16085,"['GMG', 'GMDMG', 'GMDpDMG']",2100.0,0.748,8317.0
890,G:HGNC:29322,G:HGNC:23176,['GMG'],9.0,0.965,259.0
891,G:HGNC:29322,G:HGNC:23176,['GMDMG'],242.0,0.913,2776.0
892,G:HGNC:29322,G:HGNC:23176,['GMDpDMG'],4767.0,0.027,4898.0
893,G:HGNC:29322,G:HGNC:23176,"['GMG', 'GMDMG']",180.0,0.904,1878.0
894,G:HGNC:29322,G:HGNC:23176,"['GMG', 'GMDpDMG']",2140.0,0.074,2310.0
895,G:HGNC:29322,G:HGNC:23176,"['GMDMG', 'GMDpDMG']",5828.0,0.191,7202.0
896,G:HGNC:29322,G:HGNC:23176,"['GMG', 'GMDMG', 'GMDpDMG']",2062.0,0.228,2670.0
897,G:HGNC:24226,G:HGNC:11976,['GTG'],138.0,0.634,377.0
898,G:HGNC:3170,G:HGNC:2855,['GTG'],464.0,0.187,571.0
899,G:HGNC:32607,G:HGNC:7212,['GTG'],367.0,0.256,493.0
900,G:HGNC:24808,G:HGNC:18328,['GTG'],7.0,0.963,189.0
901,G:HGNC:1455,G:HGNC:13886,['GTG'],656.0,0.144,766.0
902,G:HGNC:1455,G:HGNC:13886,['GMG'],1068.0,0.088,1171.0
903,G:HGNC:1455,G:HGNC:13886,['GMDMG'],4596.0,0.043,4802.0
904,G:HGNC:1455,G:HGNC:13886,['GMDpDMG'],5393.0,0.099,5988.0
905,G:HGNC:1455,G:HGNC:13886,"['GTG', 'GMG']",1398.0,0.104,1561.0
906,G:HGNC:1455,G:HGNC:13886,"['GTG', 'GMDMG']",6366.0,0.04,6631.0
907,G:HGNC:1455,G:HGNC:13886,"['GTG', 'GMDpDMG']",7015.0,0.142,8174.0
908,G:HGNC:1455,G:HGNC:13886,"['GMG', 'GMDMG']",5326.0,0.013,5398.0
909,G:HGNC:1455,G:HGNC:13886,"['GMG', 'GMDpDMG']",4837.0,0.094,5341.0
910,G:HGNC:1455,G:HGNC:13886,"['GMDMG', 'GMDpDMG']",7964.0,0.05,8381.0
911,G:HGNC:1455,G:HGNC:13886,"['GTG', 'GMG', 'GMDMG']",5357.0,0.009,5408.0
912,G:HGNC:1455,G:HGNC:13886,"['GTG', 'GMG', 'GMDpDMG']",4756.0,0.099,5277.0
913,G:HGNC:1455,G:HGNC:13886,"['GTG', 'GMDMG', 'GMDpDMG']",8950.0,0.047,9396.0
914,G:HGNC:1455,G:HGNC:13886,"['GMG', 'GMDMG', 'GMDpDMG']",5635.0,0.026,5785.0
915,G:HGNC:1455,G:HGNC:13886,"['GTG', 'GMG', 'GMDMG', 'GMDpDMG']",5501.0,0.02,5613.0
916,G:HGNC:23485,G:HGNC:7146,['GMG'],282.0,0.476,538.0
917,G:HGNC:25492,G:HGNC:29167,['GTG'],16.0,0.945,290.0
918,G:HGNC:25492,G:HGNC:29167,['GMG'],560.0,0.319,822.0
919,G:HGNC:25492,G:HGNC:29167,['GMDMG'],1265.0,0.579,3006.0
920,G:HGNC:25492,G:HGNC:29167,['GMDpDMG'],2162.0,0.6,5408.0
921,G:HGNC:25492,G:HGNC:29167,"['GTG', 'GMG']",319.0,0.592,781.0
922,G:HGNC:25492,G:HGNC:29167,"['GTG', 'GMDMG']",812.0,0.736,3080.0
923,G:HGNC:25492,G:HGNC:29167,"['GTG', 'GMDpDMG']",1355.0,0.702,4547.0
924,G:HGNC:25492,G:HGNC:29167,"['GMG', 'GMDMG']",2676.0,0.307,3860.0
925,G:HGNC:25492,G:HGNC:29167,"['GMG', 'GMDpDMG']",1835.0,0.625,4892.0
926,G:HGNC:25492,G:HGNC:29167,"['GMDMG', 'GMDpDMG']",3020.0,0.613,7803.0
927,G:HGNC:25492,G:HGNC:29167,"['GTG', 'GMG', 'GMDMG']",1661.0,0.398,2760.0
928,G:HGNC:25492,G:HGNC:29167,"['GTG', 'GMG', 'GMDpDMG']",877.0,0.716,3091.0
929,G:HGNC:25492,G:HGNC:29167,"['GTG', 'GMDMG', 'GMDpDMG']",1576.0,0.72,5638.0
930,G:HGNC:25492,G:HGNC:29167,"['GMG', 'GMDMG', 'GMDpDMG']",2092.0,0.624,5558.0
931,G:HGNC:25492,G:HGNC:29167,"['GTG', 'GMG', 'GMDMG', 'GMDpDMG']",996.0,0.697,3288.0
932,G:HGNC:9329,G:HGNC:11004,['GTG'],76.0,0.768,328.0
933,G:HGNC:9329,G:HGNC:11004,['GMDMG'],2984.0,0.303,4281.0
934,G:HGNC:9329,G:HGNC:11004,['GMDpDMG'],3690.0,0.395,6103.0
935,G:HGNC:9329,G:HGNC:11004,"['GTG', 'GMDMG']",1451.0,0.59,3540.0
936,G:HGNC:9329,G:HGNC:11004,"['GTG', 'GMDpDMG']",1624.0,0.618,4251.0
937,G:HGNC:9329,G:HGNC:11004,"['GMDMG', 'GMDpDMG']",5221.0,0.468,9810.0
938,G:HGNC:9329,G:HGNC:11004,"['GTG', 'GMDMG', 'GMDpDMG']",1886.0,0.617,4920.0
939,G:HGNC:25364,G:HGNC:4568,['GTG'],319.0,0.303,458.0
940,G:HGNC:25364,G:HGNC:4568,['GMG'],637.0,0.18,777.0
941,G:HGNC:25364,G:HGNC:4568,['GMDMG'],1047.0,0.638,2889.0
942,G:HGNC:25364,G:HGNC:4568,['GMDpDMG'],2579.0,0.254,3459.0
943,G:HGNC:25364,G:HGNC:4568,"['GTG', 'GMG']",811.0,0.153,957.0
944,G:HGNC:25364,G:HGNC:4568,"['GTG', 'GMDMG']",2120.0,0.333,3179.0
945,G:HGNC:25364,G:HGNC:4568,"['GTG', 'GMDpDMG']",3019.0,0.147,3540.0
946,G:HGNC:25364,G:HGNC:4568,"['GMG', 'GMDMG']",2574.0,0.194,3192.0
947,G:HGNC:25364,G:HGNC:4568,"['GMG', 'GMDpDMG']",2792.0,0.063,2980.0
948,G:HGNC:25364,G:HGNC:4568,"['GMDMG', 'GMDpDMG']",1750.0,0.686,5581.0
949,G:HGNC:25364,G:HGNC:4568,"['GTG', 'GMG', 'GMDMG']",2589.0,0.168,3110.0
950,G:HGNC:25364,G:HGNC:4568,"['GTG', 'GMG', 'GMDpDMG']",2639.0,0.057,2799.0
951,G:HGNC:25364,G:HGNC:4568,"['GTG', 'GMDMG', 'GMDpDMG']",2946.0,0.449,5347.0
952,G:HGNC:25364,G:HGNC:4568,"['GMG', 'GMDMG', 'GMDpDMG']",3128.0,0.272,4299.0
953,G:HGNC:25364,G:HGNC:4568,"['GTG', 'GMG', 'GMDMG', 'GMDpDMG']",3013.0,0.185,3699.0
954,G:HGNC:707,G:HGNC:26098,['GTG'],126.0,0.677,390.0
955,G:HGNC:30136,G:HGNC:8487,['GTG'],256.0,0.464,478.0
956,G:HGNC:21336,G:HGNC:19024,['GTG'],212.0,0.519,441.0
957,G:HGNC:9109,G:HGNC:14702,['GTG'],90.0,0.689,289.0
958,G:HGNC:29304,G:HGNC:18745,['GTG'],301.0,0.36,470.0
959,G:HGNC:21147,G:HGNC:20982,['GTG'],102.0,0.783,471.0
960,G:HGNC:21147,G:HGNC:20982,['GMDMG'],2147.0,0.295,3044.0
961,G:HGNC:21147,G:HGNC:20982,['GMDpDMG'],4908.0,0.008,4949.0
962,G:HGNC:21147,G:HGNC:20982,"['GTG', 'GMDMG']",2366.0,0.335,3557.0
963,G:HGNC:21147,G:HGNC:20982,"['GTG', 'GMDpDMG']",5480.0,0.058,5816.0
964,G:HGNC:21147,G:HGNC:20982,"['GMDMG', 'GMDpDMG']",7543.0,0.016,7664.0
965,G:HGNC:21147,G:HGNC:20982,"['GTG', 'GMDMG', 'GMDpDMG']",7574.0,0.038,7877.0
966,G:HGNC:29672,G:HGNC:20528,['GTG'],79.0,0.786,369.0
967,G:HGNC:5009,G:HGNC:35126,['GTG'],325.0,0.583,780.0
968,G:HGNC:23298,G:HGNC:21224,['GTG'],138.0,0.616,359.0
969,G:HGNC:30581,G:HGNC:21176,['GMDMG'],2029.0,0.399,3377.0
970,G:HGNC:30581,G:HGNC:21176,['GMDpDMG'],5212.0,0.116,5897.0
971,G:HGNC:30581,G:HGNC:21176,"['GMDMG', 'GMDpDMG']",7278.0,0.171,8775.0
972,G:HGNC:6253,G:HGNC:18469,['GTG'],65.0,0.792,313.0
973,G:HGNC:16497,G:HGNC:7714,['GTG'],133.0,0.599,332.0
974,G:HGNC:6692,G:HGNC:31862,['GTG'],279.0,0.577,659.0
975,G:HGNC:6692,G:HGNC:31862,['GMDMG'],559.0,0.826,3207.0
976,G:HGNC:6692,G:HGNC:31862,['GMDpDMG'],515.0,0.89,4692.0
977,G:HGNC:6692,G:HGNC:31862,"['GTG', 'GMDMG']",2228.0,0.502,4478.0
978,G:HGNC:6692,G:HGNC:31862,"['GTG', 'GMDpDMG']",2199.0,0.623,5832.0
979,G:HGNC:6692,G:HGNC:31862,"['GMDMG', 'GMDpDMG']",683.0,0.903,7073.0
980,G:HGNC:6692,G:HGNC:31862,"['GTG', 'GMDMG', 'GMDpDMG']",2105.0,0.729,7781.0
981,G:HGNC:20267,G:HGNC:8968,['GMDMG'],1593.0,0.538,3449.0
982,G:HGNC:20267,G:HGNC:8968,['GMDpDMG'],3041.0,0.46,5632.0
983,G:HGNC:20267,G:HGNC:8968,"['GMDMG', 'GMDpDMG']",4074.0,0.52,8494.0
984,G:HGNC:6914,G:HGNC:29121,['GTG'],268.0,0.384,435.0
985,G:HGNC:30869,G:HGNC:29993,['GTG'],175.0,0.55,389.0
986,G:HGNC:10640,G:HGNC:10498,['GTG'],376.0,0.348,577.0
987,G:HGNC:18458,G:HGNC:11064,['GTG'],186.0,0.542,406.0
988,G:HGNC:18458,G:HGNC:11064,['GMDMG'],811.0,0.727,2968.0
989,G:HGNC:18458,G:HGNC:11064,['GMDpDMG'],2784.0,0.456,5113.0
990,G:HGNC:18458,G:HGNC:11064,"['GTG', 'GMDMG']",1024.0,0.687,3274.0
991,G:HGNC:18458,G:HGNC:11064,"['GTG', 'GMDpDMG']",2224.0,0.524,4669.0
992,G:HGNC:18458,G:HGNC:11064,"['GMDMG', 'GMDpDMG']",3422.0,0.538,7408.0
993,G:HGNC:18458,G:HGNC:11064,"['GTG', 'GMDMG', 'GMDpDMG']",2242.0,0.62,5904.0
994,G:HGNC:24084,G:HGNC:26744,['GMDMG'],47.0,0.975,1855.0
995,G:HGNC:26006,G:HGNC:2210,['GDpDpDG'],3386.0,0.407,5711.0
996,G:HGNC:26006,G:HGNC:2210,['GMDMG'],1186.0,0.54,2576.0
997,G:HGNC:26006,G:HGNC:2210,['GMDpDMG'],199.0,0.943,3476.0
998,G:HGNC:26006,G:HGNC:2210,"['GDpDpDG', 'GMDMG']",2498.0,0.374,3991.0
999,G:HGNC:26006,G:HGNC:2210,"['GDpDpDG', 'GMDpDMG']",1577.0,0.359,2461.0
1000,G:HGNC:26006,G:HGNC:2210,"['GMDMG', 'GMDpDMG']",761.0,0.865,5639.0
1001,G:HGNC:26006,G:HGNC:2210,"['GDpDpDG', 'GMDMG', 'GMDpDMG']",1600.0,0.346,2448.0
